Rk,Wk,Date,Time,Day,Winner,Pts,,Loser,Pts,TV,Notes
1,1,Aug 26 2016,10:00 PM,Fri,California,51,,Hawaii,31,ESPN,ANZ Stadium - Sydney AUS
2,2,Sep 1 2016,7:00 PM,Thu,Central Michigan,49,,Presbyterian,3,ESPN3,Kelly/Shorts Stadium - Mount Pleasant Michigan
3,2,Sep 1 2016,7:00 PM,Thu,Cincinnati,28,,Tennessee-Martin,7,ESPN3,Nippert Stadium - Cincinnati Ohio
4,2,Sep 1 2016,7:00 PM,Thu,Connecticut,24,,Maine,21,ESPN3,Rentschler Field - East Hartford Connecticut
5,2,Sep 1 2016,9:00 PM,Thu,Idaho,20,,Montana State,17,ESPN3,Kibbie Dome - Moscow Idaho
6,2,Sep 1 2016,7:30 PM,Thu,Indiana,34,@,Florida International,13,ESPNU,FIU Stadium - Miami Florida
7,2,Sep 1 2016,7:00 PM,Thu,(19) Louisville,70,,Charlotte,14,ESPN3,Papa John's Cardinal Stadium - Louisville Kentucky
8,2,Sep 1 2016,9:00 PM,Thu,Minnesota,30,,Oregon State,23,BTN,TCF Bank Stadium - Minneapolis Minnesota
9,2,Sep 1 2016,10:00 PM,Thu,Nevada-Las Vegas,63,,Jackson State,13,,Sam Boyd Stadium - Las Vegas Nevada
10,2,Sep 1 2016,9:00 PM,Thu,New Mexico,48,,South Dakota,21,,University Stadium - Albuquerque New Mexico
11,2,Sep 1 2016,7:30 PM,Thu,North Carolina State,48,,William & Mary,14,,Carter Finley Stadium - Raleigh North Carolina
12,2,Sep 1 2016,8:00 PM,Thu,South Carolina,13,@,Vanderbilt,10,ESPN,Vanderbilt Stadium - Nashville Tennessee
13,2,Sep 1 2016,7:30 PM,Thu,(9) Tennessee,20,,Appalachian State,13,SECN,Neyland Stadium - Knoxville Tennessee
14,2,Sep 1 2016,8:00 PM,Thu,Utah,24,,Southern Utah,0,PAC12,Rice-Eccles Stadium - Salt Lake City Utah
15,2,Sep 1 2016,8:00 PM,Thu,Utah State,45,,Weber State,6,,Merlin Olsen Field at Maverik Stadium - Logan Utah
16,2,Sep 1 2016,7:00 PM,Thu,Wake Forest,7,,Tulane,3,ESPN3,BB&T Field - Winston-Salem North Carolina
17,2,Sep 1 2016,8:00 PM,Thu,Western Kentucky,46,,Rice,14,CBSSN,Houchens Industries-L.T. Smith Stadium - Bowling Green Kentucky
18,2,Sep 2 2016,7:00 PM,Fri,Albany,22,@,Buffalo,16,ESPN3,University of Buffalo Stadium - Buffalo New York
19,2,Sep 2 2016,7:00 PM,Fri,Army,28,@,Temple,13,CBSSN,Lincoln Financial Field - Philadelphia Pennsylvania
20,2,Sep 2 2016,7:00 PM,Fri,Ball State,31,@,Georgia State,21,ESPN3,Georgia Dome - Atlanta Georgia
21,2,Sep 2 2016,7:30 PM,Fri,(23) Baylor,55,,Northwestern State,7,,McLane Stadium - Waco Texas
22,2,Sep 2 2016,8:00 PM,Fri,Colorado,44,,Colorado State,7,ESPN,Sports Authority Field - Denver Colorado
23,2,Sep 2 2016,6:00 PM,Fri,Eastern Michigan,61,,Mississippi Valley State,14,ESPN3,Rynearson Stadium - Ypsilanti Michigan
24,2,Sep 2 2016,7:00 PM,Fri,(12) Michigan State,28,,Furman,13,BTN,Spartan Stadium - East Lansing Michigan
25,2,Sep 2 2016,9:30 PM,Fri,Nevada,30,,Cal Poly,27,,MacKay Stadium - Reno Nevada
26,2,Sep 2 2016,9:00 PM,Fri,(8) Stanford,26,,Kansas State,13,FS1,Stanford Stadium - Stanford California
27,2,Sep 2 2016,7:00 PM,Fri,Syracuse,33,,Colgate,7,,Carrier Dome - Syracuse New York
28,2,Sep 2 2016,9:00 PM,Fri,Toledo,31,@,Arkansas State,10,ESPNU,Centennial Bank Stadium - Jonesboro Arkansas
29,2,Sep 3 2016,2:00 PM,Sat,Air Force,37,,Abilene Christian,21,CAMP,Falcon Stadium - Colorado Springs Colorado
30,2,Sep 3 2016,6:30 PM,Sat,Akron,47,,Virginia Military Institute,24,ESPN3,InfoCision Stadium - Akron Ohio
31,2,Sep 3 2016,8:00 PM,Sat,(1) Alabama,52,,(20) Southern California,6,ABC,AT&T Stadium - Arlington Texas
32,2,Sep 3 2016,11:00 PM,Sat,Arizona State,44,,Northern Arizona,13,PAC12,Sun Devil Stadium - Tempe Arizona
33,2,Sep 3 2016,4:00 PM,Sat,Arkansas,21,,Louisiana Tech,20,SECN,Donald W. Reynolds Razorback Stadium - Fayetteville Arkansas
34,2,Sep 3 2016,12:00 PM,Sat,Boise State,45,@,Louisiana-Lafayette,10,ESPN3,Cajun Field - Lafayette Louisiana
35,2,Sep 3 2016,10:30 PM,Sat,Brigham Young,18,,Arizona,16,FS1,University of Phoenix Stadium - Glendale Arizona
36,2,Sep 3 2016,7:00 PM,Sat,Central Florida,38,,South Carolina State,0,ESPN3,Bright House Networks Stadium - Orlando Florida
37,2,Sep 3 2016,9:00 PM,Sat,(2) Clemson,19,@,Auburn,13,ESPN,Jordan Hare Stadium - Auburn Alabama
38,2,Sep 3 2016,6:00 PM,Sat,Duke,49,,North Carolina Central,6,,Wallace Wade Stadium - Durham North Carolina
39,2,Sep 3 2016,6:00 PM,Sat,East Carolina,52,,Western Carolina,7,ESPN3,Dowdy-Ficklen Stadium - Greenville North Carolina
40,2,Sep 3 2016,8:00 PM,Sat,Eastern Washington,45,@,Washington State,42,PAC12,Martin Stadium - Pullman Washington
41,2,Sep 3 2016,7:30 PM,Sat,(25) Florida,24,,Massachusetts,7,SECN,Ben Hill Griffin Stadium - Gainesville Florida
42,2,Sep 3 2016,6:00 PM,Sat,Florida Atlantic,38,,Southern Illinois,30,,FAU Football Stadium - Boca Raton Florida
43,2,Sep 3 2016,5:30 PM,Sat,(18) Georgia,33,,(22) North Carolina,24,ESPN,Georgia Dome - Atlanta Georgia
44,2,Sep 3 2016,6:00 PM,Sat,Georgia Southern,54,,Savannah State,0,ESPN3,Allen E. Paulson Stadium - Statesboro Georgia
45,2,Sep 3 2016,7:30 AM,Sat,Georgia Tech,17,,Boston College,14,ESPN2,Aviva Stadium - Dublin IRL
46,2,Sep 3 2016,12:00 PM,Sat,(15) Houston,33,,(3) Oklahoma,23,ABC,NRG Stadium - Houston Texas
47,2,Sep 3 2016,3:30 PM,Sat,Illinois,52,,Murray State,3,BTN,Memorial Stadium - Champaign Illinois
48,2,Sep 3 2016,3:30 PM,Sat,(17) Iowa,45,,Miami (OH),21,ESPNU,Kinnick Stadium - Iowa City Iowa
49,2,Sep 3 2016,7:00 PM,Sat,Kansas,55,,Rhode Island,6,ESPN3,Memorial Stadium - Lawrence Kansas
50,2,Sep 3 2016,7:00 PM,Sat,Louisiana-Monroe,38,,Southern,21,ESPN3,Malone Stadium - Monroe Louisiana
51,2,Sep 3 2016,12:00 PM,Sat,Maryland,52,,Howard,13,BTN,Maryland Stadium - College Park Maryland
52,2,Sep 3 2016,7:00 PM,Sat,Memphis,35,,Southeast Missouri State,17,ESPN3,Liberty Bowl Memorial Stadium - Memphis Tennessee
53,2,Sep 3 2016,6:00 PM,Sat,Miami (FL),70,,Florida A&M,3,,Hard Rock Stadium - Miami Gardens Florida
54,2,Sep 3 2016,12:00 PM,Sat,(7) Michigan,63,,Hawaii,3,ESPN,Michigan Stadium - Ann Arbor Michigan
55,2,Sep 3 2016,7:00 PM,Sat,Middle Tennessee State,55,,Alabama A&M,0,,"Johnny ""Red"" Floyd Stadium - Murfreesboro Tennessee"
56,2,Sep 3 2016,12:00 PM,Sat,Navy,52,,Fordham,16,CBSSN,Navy Marine Corps Memorial Stadium - Annapolis Maryland
57,2,Sep 3 2016,8:00 PM,Sat,Nebraska,43,,Fresno State,10,BTN,Memorial Stadium - Lincoln Nebraska
58,2,Sep 3 2016,8:00 PM,Sat,Northern Iowa,25,@,Iowa State,20,,Jack Trice Stadium - Ames Iowa
59,2,Sep 3 2016,12:00 PM,Sat,(6) Ohio State,77,,Bowling Green State,10,BTN,Ohio Stadium - Columbus Ohio
60,2,Sep 3 2016,3:30 PM,Sat,(21) Oklahoma State,61,,Southeastern Louisiana,7,,Boone Pickens Stadium - Stillwater Oklahoma
61,2,Sep 3 2016,5:00 PM,Sat,(24) Oregon,53,,California-Davis,28,PAC12,Autzen Stadium - Eugene Oregon
62,2,Sep 3 2016,3:30 PM,Sat,Penn State,33,,Kent State,13,BTN,Beaver Stadium - University Park Pennsylvania
63,2,Sep 3 2016,1:30 PM,Sat,Pittsburgh,28,,Villanova,7,,Heinz Field - Pittsburgh Pennsylvania
64,2,Sep 3 2016,12:00 PM,Sat,Purdue,45,,Eastern Kentucky,24,ESPNN,Ross Ade Stadium - West Lafayette Indiana
65,2,Sep 3 2016,3:30 PM,Sat,Richmond,37,@,Virginia,20,,Scott Stadium - Charlottesville Virginia
66,2,Sep 3 2016,8:30 PM,Sat,San Diego State,31,,New Hampshire,0,,Qualcomm Stadium - San Diego California
67,2,Sep 3 2016,12:00 PM,Sat,South Alabama,21,@,Mississippi State,20,SECN,Davis Wade Stadium - Starkville Mississippi
68,2,Sep 3 2016,7:00 PM,Sat,South Florida,56,,Towson,20,ESPN3,Raymond James Stadium - Tampa Florida
69,2,Sep 3 2016,7:00 PM,Sat,Southern Methodist,34,@,North Texas,21,,Apogee Stadium - Denton Texas
70,2,Sep 3 2016,7:30 PM,Sat,Southern Mississippi,44,@,Kentucky,35,ESPNU,Commonwealth Stadium - Lexington Kentucky
71,2,Sep 3 2016,3:30 PM,Sat,Texas A&M,31,,(16) UCLA,24,CBS,Kyle Field - College Station Texas
72,2,Sep 3 2016,8:00 PM,Sat,(13) Texas Christian,59,,South Dakota State,41,,Amon G. Carter Stadium - Fort Worth Texas
73,2,Sep 3 2016,3:30 PM,Sat,Texas State,56,@,Ohio,54,CBSSN,Peden Stadium - Athens Ohio
74,2,Sep 3 2016,8:00 PM,Sat,Texas Tech,69,,Stephen F. Austin,17,,Jones AT&T Stadium - Lubbock Texas
75,2,Sep 3 2016,8:00 PM,Sat,Texas-El Paso,38,,New Mexico State,22,,Sun Bowl Stadium - El Paso Texas
76,2,Sep 3 2016,7:00 PM,Sat,Texas-San Antonio,26,,Alabama State,13,,Alamodome - San Antonio Texas
77,2,Sep 3 2016,6:00 PM,Sat,Troy,57,,Austin Peay,17,ESPN3,Veterans Memorial Stadium - Troy Alabama
78,2,Sep 3 2016,7:00 PM,Sat,Tulsa,45,,San Jose State,10,CBSSN,Chapman Stadium - Tulsa Oklahoma
79,2,Sep 3 2016,12:30 PM,Sat,Virginia Tech,36,,Liberty,13,ESPN3,Lane Stadium - Blacksburg Virginia
80,2,Sep 3 2016,2:00 PM,Sat,(14) Washington,48,,Rutgers,13,PAC12,Husky Stadium - Seattle Washington
81,2,Sep 3 2016,12:00 PM,Sat,West Virginia,26,,Missouri,11,FS1,Milan Puskar Stadium - Morgantown West Virginia
82,2,Sep 3 2016,12:00 PM,Sat,Western Michigan,22,@,Northwestern,21,ESPNU,Ryan Field - Evanston Illinois
83,2,Sep 3 2016,3:30 PM,Sat,Wisconsin,16,,(5) Louisiana State,14,ABC,Lambeau Field - Green Bay Wisconsin
84,2,Sep 3 2016,10:30 PM,Sat,Wyoming,40,,Northern Illinois,34,CBSSN,War Memorial Stadium - Laramie Wyoming
85,2,Sep 4 2016,3:30 PM,Sun,Old Dominion,54,,Hampton,21,,S.B. Ballard Stadium - Norfolk Virginia
86,2,Sep 4 2016,7:30 PM,Sun,Texas,50,,(10) Notre Dame,47,ABC,Darrell K Royal-Texas Memorial Stadium - Austin Texas
87,2,Sep 5 2016,8:00 PM,Mon,(4) Florida State,45,,(11) Mississippi,34,ESPN,Camping World Stadium - Orlando Florida
88,3,Sep 9 2016,8:00 PM,Fri,(13) Louisville,62,@,Syracuse,28,ESPN2,Carrier Dome - Syracuse New York
89,3,Sep 9 2016,7:30 PM,Fri,Maryland,41,@,Florida International,14,,FIU Stadium - Miami Florida
90,3,Sep 10 2016,2:00 PM,Sat,Air Force,48,,Georgia State,14,CAMP,Falcon Stadium - Colorado Springs Colorado
91,3,Sep 10 2016,3:30 PM,Sat,(1) Alabama,38,,Western Kentucky,10,ESPN2,Bryant-Denny Stadium - Tuscaloosa Alabama
92,3,Sep 10 2016,3:30 PM,Sat,Appalachian State,31,,Old Dominion,7,ESPN3,Kidd Brewer Stadium - Boone North Carolina
93,3,Sep 10 2016,10:45 PM,Sat,Arizona,31,,Grambling State,21,PAC12,Arizona Stadium - Tucson Arizona
94,3,Sep 10 2016,10:00 PM,Sat,Arizona State,68,,Texas Tech,55,FS1,Sun Devil Stadium - Tempe Arizona
95,3,Sep 10 2016,7:00 PM,Sat,Arkansas,41,@,(15) Texas Christian,38,ESPN,Amon G. Carter Stadium - Fort Worth Texas
96,3,Sep 10 2016,12:00 PM,Sat,Army,31,,Rice,14,CBSSN,Michie Stadium - West Point New York
97,3,Sep 10 2016,7:30 PM,Sat,Auburn,51,,Arkansas State,14,SECN,Jordan Hare Stadium - Auburn Alabama
98,3,Sep 10 2016,3:30 PM,Sat,(23) Baylor,40,,Southern Methodist,13,FS1,McLane Stadium - Waco Texas
99,3,Sep 10 2016,10:15 PM,Sat,Boise State,31,,Washington State,28,ESPN2,Albertsons Stadium - Boise Idaho
100,3,Sep 10 2016,12:00 PM,Sat,Boston College,26,@,Massachusetts,7,ESPN3,Gillette Stadium - Foxborough Massachusetts
101,3,Sep 10 2016,3:30 PM,Sat,Bowling Green State,27,,North Dakota,26,ESPN3,Doyt L. Perry Stadium - Bowling Green Ohio
102,3,Sep 10 2016,12:00 PM,Sat,Central Michigan,30,@,(22) Oklahoma State,27,FS1,Boone Pickens Stadium - Stillwater Oklahoma
103,3,Sep 10 2016,6:00 PM,Sat,Charlotte,47,,Elon,14,,Jerry Richardson Stadium - Charlotte North Carolina
104,3,Sep 10 2016,12:00 PM,Sat,Cincinnati,38,@,Purdue,20,BTN,Ross Ade Stadium - West Lafayette Indiana
105,3,Sep 10 2016,12:30 PM,Sat,(2) Clemson,30,,Troy,24,ESPN3,Clemson Memorial Stadium - Clemson South Carolina
106,3,Sep 10 2016,5:30 PM,Sat,Colorado,56,,Idaho State,7,,Folsom Field - Boulder Colorado
107,3,Sep 10 2016,4:00 PM,Sat,Colorado State,23,,Texas-San Antonio,14,CAMP,Sonny Lubick Field at Hughes Stadium - Fort Collins Colorado
108,3,Sep 10 2016,12:00 PM,Sat,East Carolina,33,,North Carolina State,30,ESPNU,Dowdy-Ficklen Stadium - Greenville North Carolina
109,3,Sep 10 2016,3:30 PM,Sat,Eastern Illinois,21,@,Miami (OH),17,ESPN3,Fred Yager Stadium - Oxford Ohio
110,3,Sep 10 2016,3:30 PM,Sat,Florida,45,,Kentucky,7,CBS,Ben Hill Griffin Stadium - Gainesville Florida
111,3,Sep 10 2016,12:30 PM,Sat,(3) Florida State,52,,Charleston Southern,8,ESPN3,Doak Campbell Stadium - Tallahassee Florida
112,3,Sep 10 2016,10:00 PM,Sat,Fresno State,31,,Sacramento State,3,,Bulldog Stadium - Fresno California
113,3,Sep 10 2016,12:00 PM,Sat,(9) Georgia,26,,Nicholls State,24,SECN,Sanford Stadium - Athens Georgia
114,3,Sep 10 2016,7:00 PM,Sat,Georgia Southern,24,@,South Alabama,9,ESPN3,Ladd-Peebles Stadium - Mobile Alabama
115,3,Sep 10 2016,3:00 PM,Sat,Georgia Tech,35,,Mercer,10,,Bobby Dodd Stadium - Atlanta Georgia
116,3,Sep 10 2016,11:59 PM,Sat,Hawaii,41,,Tennessee-Martin,36,,Hawaiian Tel Federal Credit Union Field at Aloha Stadium - Honolulu Hawaii
117,3,Sep 10 2016,12:00 PM,Sat,(6) Houston,42,,Lamar,0,ESPN3,TDECU Stadium - Houston Texas
118,3,Sep 10 2016,3:30 PM,Sat,Illinois State,9,@,Northwestern,7,BTN,Ryan Field - Evanston Illinois
119,3,Sep 10 2016,4:00 PM,Sat,Indiana,30,,Ball State,20,ESPNN,Memorial Stadium - Bloomington Indiana
120,3,Sep 10 2016,7:30 PM,Sat,(16) Iowa,42,,Iowa State,3,BTN,Kinnick Stadium - Iowa City Iowa
121,3,Sep 10 2016,7:30 PM,Sat,(21) Louisiana State,34,,Jacksonville State,13,ESPNU,Tiger Stadium - Baton Rouge Louisiana
122,3,Sep 10 2016,7:00 PM,Sat,Louisiana Tech,53,,South Carolina State,24,,Joe Aillet Stadium - Ruston Louisiana
123,3,Sep 10 2016,7:00 PM,Sat,Louisiana-Lafayette,30,,McNeese State,22,ESPN3,Cajun Field - Lafayette Louisiana
124,3,Sep 10 2016,6:00 PM,Sat,Marshall,62,,Morgan State,0,,Joan C. Edwards Stadium - Huntington West Virginia
125,3,Sep 10 2016,6:00 PM,Sat,(25) Miami (FL),38,,Florida Atlantic,10,,Hard Rock Stadium - Miami Gardens Florida
126,3,Sep 10 2016,12:00 PM,Sat,(5) Michigan,51,,Central Florida,14,ABC,Michigan Stadium - Ann Arbor Michigan
127,3,Sep 10 2016,12:00 PM,Sat,Minnesota,58,,Indiana State,28,ESPNN,TCF Bank Stadium - Minneapolis Minnesota
128,3,Sep 10 2016,4:00 PM,Sat,(19) Mississippi,38,,Wofford,13,SECN,Vaught-Hemingway Stadium - Oxford Mississippi
129,3,Sep 10 2016,7:00 PM,Sat,Mississippi State,27,,South Carolina,14,ESPN,Davis Wade Stadium - Starkville Mississippi
130,3,Sep 10 2016,7:30 PM,Sat,Missouri,61,,Eastern Michigan,21,SECN,Faurot Field - Columbia Missouri
131,3,Sep 10 2016,3:30 PM,Sat,Navy,28,,Connecticut,24,CBSSN,Navy Marine Corps Memorial Stadium - Annapolis Maryland
132,3,Sep 10 2016,12:00 PM,Sat,Nebraska,52,,Wyoming,17,ESPN2,Memorial Stadium - Lincoln Nebraska
133,3,Sep 10 2016,8:00 PM,Sat,New Mexico State,32,,New Mexico,31,ESPN3,Aggie Memorial Stadium - Las Cruces New Mexico
134,3,Sep 10 2016,7:30 PM,Sat,North Carolina,48,@,Illinois,23,BTN,Memorial Stadium - Champaign Illinois
135,3,Sep 10 2016,6:00 PM,Sat,North Carolina A&T,39,@,Kent State,36,ESPN3,Dix Stadium - Kent Ohio
136,3,Sep 10 2016,7:00 PM,Sat,North Texas,41,,Bethune-Cookman,20,,Apogee Stadium - Denton Texas
137,3,Sep 10 2016,3:30 PM,Sat,(18) Notre Dame,39,,Nevada,10,NBC,Notre Dame Stadium - South Bend Indiana
138,3,Sep 10 2016,2:30 PM,Sat,Ohio,37,@,Kansas,21,FSN,Memorial Stadium - Lawrence Kansas
139,3,Sep 10 2016,3:30 PM,Sat,(4) Ohio State,48,,Tulsa,3,ABC,Ohio Stadium - Columbus Ohio
140,3,Sep 10 2016,7:00 PM,Sat,(14) Oklahoma,59,,Louisiana-Monroe,17,,Gaylord Family - Oklahoma Memorial Stadium - Norman Oklahoma
141,3,Sep 10 2016,10:30 PM,Sat,(24) Oregon,44,,Virginia,26,ESPN,Autzen Stadium - Eugene Oregon
142,3,Sep 10 2016,12:00 PM,Sat,Pittsburgh,42,,Penn State,39,ABC,Heinz Field - Pittsburgh Pennsylvania
143,3,Sep 10 2016,12:00 PM,Sat,Rutgers,52,,Howard,14,BTN,High Points Solutions Stadium - Piscataway New Jersey
144,3,Sep 10 2016,10:30 PM,Sat,San Diego State,45,,California,40,CBSSN,Qualcomm Stadium - San Diego California
145,3,Sep 10 2016,4:30 PM,Sat,San Jose State,66,,Portland State,35,,CEFCU Stadium - San Jose California
146,3,Sep 10 2016,7:00 PM,Sat,South Florida,48,,Northern Illinois,17,CBSSN,Raymond James Stadium - Tampa Florida
147,3,Sep 10 2016,2:00 PM,Sat,Southern California,45,,Utah State,7,PAC12,Los Angeles Memorial Coliseum - Los Angeles California
148,3,Sep 10 2016,7:00 PM,Sat,Southern Mississippi,56,,Savannah State,0,,M.M. Roberts Stadium - Hattiesburg Mississippi
149,3,Sep 10 2016,1:00 PM,Sat,Temple,38,,Stony Brook,0,ESPN3,Lincoln Financial Field - Philadelphia Pennsylvania
150,3,Sep 10 2016,8:00 PM,Sat,(17) Tennessee,45,,Virginia Tech,24,ABC,Bristol Motor Speedway - Bristol Tennessee
151,3,Sep 10 2016,7:00 PM,Sat,(11) Texas,41,,Texas-El Paso,7,LHN,Darrell K Royal-Texas Memorial Stadium - Austin Texas
152,3,Sep 10 2016,12:00 PM,Sat,(20) Texas A&M,67,,Prairie View A&M,0,SECN,Kyle Field - College Station Texas
153,3,Sep 10 2016,7:00 PM,Sat,Toledo,45,,Maine,3,ESPN3,Glass Bowl - Toledo Ohio
154,3,Sep 10 2016,8:00 PM,Sat,Tulane,66,,Southern,21,ESPN3,Yulman Stadium - New Orleans Louisiana
155,3,Sep 10 2016,8:00 PM,Sat,UCLA,42,,Nevada-Las Vegas,21,PAC12,Rose Bowl - Pasadena California
156,3,Sep 10 2016,7:30 PM,Sat,Utah,20,,Brigham Young,19,,Rice-Eccles Stadium - Salt Lake City Utah
157,3,Sep 10 2016,4:00 PM,Sat,Vanderbilt,47,,Middle Tennessee State,24,SECN,Vanderbilt Stadium - Nashville Tennessee
158,3,Sep 10 2016,3:30 PM,Sat,Wake Forest,24,@,Duke,14,ESPNU,Wallace Wade Stadium - Durham North Carolina
159,3,Sep 10 2016,5:00 PM,Sat,(8) Washington,59,,Idaho,14,PAC12,Husky Stadium - Seattle Washington
160,3,Sep 10 2016,2:00 PM,Sat,West Virginia,38,,Youngstown State,21,,Milan Puskar Stadium - Morgantown West Virginia
161,3,Sep 10 2016,7:00 PM,Sat,Western Michigan,70,,North Carolina Central,21,ESPN3,Waldo Stadium - Kalamazoo Michigan
162,3,Sep 10 2016,3:30 PM,Sat,(10) Wisconsin,54,,Akron,10,BTN,Camp Randall Stadium - Madison Wisconsin
163,4,Sep 15 2016,7:30 PM,Thu,(6) Houston,40,@,Cincinnati,16,ESPN,Nippert Stadium - Cincinnati Ohio
164,4,Sep 16 2016,9:30 PM,Fri,Arizona State,32,@,Texas-San Antonio,28,ESPN2,Alamodome - San Antonio Texas
165,4,Sep 16 2016,8:00 PM,Fri,(21) Baylor,38,@,Rice,10,ESPN,Rice Stadium - Houston Texas
166,4,Sep 16 2016,9:00 PM,Fri,Utah State,34,,Arkansas State,20,CBSSN,Merlin Olsen Field at Maverik Stadium - Logan Utah
167,4,Sep 17 2016,12:00 PM,Sat,Akron,65,@,Marshall,38,CBSSN,Joan C. Edwards Stadium - Huntington West Virginia
168,4,Sep 17 2016,3:30 PM,Sat,(1) Alabama,48,@,(19) Mississippi,43,CBS,Vaught-Hemingway Stadium - Oxford Mississippi
169,4,Sep 17 2016,10:45 PM,Sat,Arizona,47,,Hawaii,28,PAC12,Arizona Stadium - Tucson Arizona
170,4,Sep 17 2016,7:30 PM,Sat,(24) Arkansas,42,,Texas State,3,SECN,Donald W. Reynolds Razorback Stadium - Fayetteville Arkansas
171,4,Sep 17 2016,7:00 PM,Sat,Army,66,@,Texas-El Paso,14,,Sun Bowl Stadium - El Paso Texas
172,4,Sep 17 2016,3:00 PM,Sat,Ball State,41,,Eastern Kentucky,14,ESPN3,Scheumann Stadium - Muncie Indiana
173,4,Sep 17 2016,10:30 PM,Sat,California,50,,(11) Texas,43,ESPN,Memorial Stadium - Berkeley California
174,4,Sep 17 2016,3:00 PM,Sat,Central Michigan,44,,Nevada-Las Vegas,21,ESPN3,Kelly/Shorts Stadium - Mount Pleasant Michigan
175,4,Sep 17 2016,12:00 PM,Sat,(5) Clemson,59,,South Carolina State,0,ESPN3,Clemson Memorial Stadium - Clemson South Carolina
176,4,Sep 17 2016,4:00 PM,Sat,Colorado State,47,,Northern Colorado,21,,Sonny Lubick Field at Hughes Stadium - Fort Collins Colorado
177,4,Sep 17 2016,1:30 PM,Sat,Connecticut,13,,Virginia,10,ESPN3,Rentschler Field - East Hartford Connecticut
178,4,Sep 17 2016,6:00 PM,Sat,Eastern Michigan,37,@,Charlotte,19,,Jerry Richardson Stadium - Charlotte North Carolina
179,4,Sep 17 2016,7:30 PM,Sat,(23) Florida,32,,North Texas,0,ESPNU,Ben Hill Griffin Stadium - Gainesville Florida
180,4,Sep 17 2016,7:30 PM,Sat,(16) Georgia,28,@,Missouri,27,SECN,Faurot Field - Columbia Missouri
181,4,Sep 17 2016,6:00 PM,Sat,Georgia Southern,23,,Louisiana-Monroe,21,ESPN3,Allen E. Paulson Stadium - Statesboro Georgia
182,4,Sep 17 2016,12:30 PM,Sat,Georgia Tech,38,,Vanderbilt,7,ESPN3,Bobby Dodd Stadium - Atlanta Georgia
183,4,Sep 17 2016,2:30 PM,Sat,Kansas State,63,,Florida Atlantic,7,,Bill Snyder Family Football Stadium - Manhattan Kansas
184,4,Sep 17 2016,3:30 PM,Sat,Kent State,27,,Monmouth,7,ESPN3,Dix Stadium - Kent Ohio
185,4,Sep 17 2016,4:00 PM,Sat,Kentucky,62,,New Mexico State,42,SECN,Commonwealth Stadium - Lexington Kentucky
186,4,Sep 17 2016,7:00 PM,Sat,(20) Louisiana State,23,,Mississippi State,20,ESPN,Tiger Stadium - Baton Rouge Louisiana
187,4,Sep 17 2016,7:00 PM,Sat,Louisiana-Lafayette,28,,South Alabama,23,ESPN3,Cajun Field - Lafayette Louisiana
188,4,Sep 17 2016,12:00 PM,Sat,(10) Louisville,63,,(2) Florida State,20,ABC,Papa John's Cardinal Stadium - Louisville Kentucky
189,4,Sep 17 2016,7:00 PM,Sat,Maryland,30,@,Central Florida,24,CBSSN,Bright House Networks Stadium - Orlando Florida
190,4,Sep 17 2016,3:30 PM,Sat,Massachusetts,21,,Florida International,13,ESPN3,Warren McGuirk Alumni Stadium - Amherst Massachusetts
191,4,Sep 17 2016,12:00 PM,Sat,Memphis,43,,Kansas,7,ESPNU,Liberty Bowl Memorial Stadium - Memphis Tennessee
192,4,Sep 17 2016,12:00 PM,Sat,(25) Miami (FL),45,@,Appalachian State,10,ESPN,Kidd Brewer Stadium - Boone North Carolina
193,4,Sep 17 2016,3:30 PM,Sat,(4) Michigan,45,,Colorado,28,BTN,Michigan Stadium - Ann Arbor Michigan
194,4,Sep 17 2016,7:30 PM,Sat,(12) Michigan State,36,@,(18) Notre Dame,28,NBC,Notre Dame Stadium - South Bend Indiana
195,4,Sep 17 2016,12:00 PM,Sat,Middle Tennessee State,41,@,Bowling Green State,21,ESPN3,Doyt L. Perry Stadium - Bowling Green Ohio
196,4,Sep 17 2016,7:00 PM,Sat,Navy,21,@,Tulane,14,ESPN3,Yulman Stadium - New Orleans Louisiana
197,4,Sep 17 2016,3:30 PM,Sat,Nebraska,35,,(22) Oregon,32,ABC,Memorial Stadium - Lincoln Nebraska
198,4,Sep 17 2016,9:00 PM,Sat,Nevada,38,,Buffalo,14,CAMP,MacKay Stadium - Reno Nevada
199,4,Sep 17 2016,3:30 PM,Sat,North Carolina,56,,James Madison,28,ESPN3,Kenan Memorial Stadium - Chapel Hill North Carolina
200,4,Sep 17 2016,6:00 PM,Sat,North Carolina State,49,,Old Dominion,22,,Carter Finley Stadium - Raleigh North Carolina
201,4,Sep 17 2016,12:00 PM,Sat,North Dakota State,23,@,(13) Iowa,21,ESPN,Kinnick Stadium - Iowa City Iowa
202,4,Sep 17 2016,8:00 PM,Sat,Northwestern,24,,Duke,13,BTN,Ryan Field - Evanston Illinois
203,4,Sep 17 2016,9:10 PM,Sat,(3) Ohio State,45,@,(14) Oklahoma,24,FOX,Gaylord Family - Oklahoma Memorial Stadium - Norman Oklahoma
204,4,Sep 17 2016,3:30 PM,Sat,Oklahoma State,45,,Pittsburgh,38,ESPN,Boone Pickens Stadium - Stillwater Oklahoma
205,4,Sep 17 2016,5:00 PM,Sat,Oregon State,37,,Idaho State,7,PAC12,Reser Stadium - Corvallis Oregon
206,4,Sep 17 2016,12:00 PM,Sat,Penn State,34,,Temple,27,BTN,Beaver Stadium - University Park Pennsylvania
207,4,Sep 17 2016,12:00 PM,Sat,Rutgers,37,,New Mexico,28,ESPNN,High Points Solutions Stadium - Piscataway New Jersey
208,4,Sep 17 2016,3:30 PM,Sat,San Diego State,42,@,Northern Illinois,28,CBSSN,Huskie Stadium - DeKalb Illinois
209,4,Sep 17 2016,4:00 PM,Sat,South Carolina,20,,East Carolina,15,SECN,Williams-Brice Stadium - Columbia South Carolina
210,4,Sep 17 2016,3:30 PM,Sat,South Florida,45,@,Syracuse,20,,Carrier Dome - Syracuse New York
211,4,Sep 17 2016,7:00 PM,Sat,Southern Methodist,29,,Liberty,14,ESPN3,Gerald J. Ford Stadium - Dallas Texas
212,4,Sep 17 2016,8:00 PM,Sat,(7) Stanford,27,,Southern California,10,ABC,Stanford Stadium - Stanford California
213,4,Sep 17 2016,12:00 PM,Sat,(15) Tennessee,28,,Ohio,19,SECN,Neyland Stadium - Knoxville Tennessee
214,4,Sep 17 2016,7:00 PM,Sat,(17) Texas A&M,29,@,Auburn,16,ESPN,Jordan Hare Stadium - Auburn Alabama
215,4,Sep 17 2016,12:00 PM,Sat,Texas Christian,41,,Iowa State,20,FS1,Amon G. Carter Stadium - Fort Worth Texas
216,4,Sep 17 2016,7:00 PM,Sat,Texas Tech,59,,Louisiana Tech,45,,Jones AT&T Stadium - Lubbock Texas
217,4,Sep 17 2016,3:00 PM,Sat,Toledo,52,,Fresno State,17,ESPN3,Glass Bowl - Toledo Ohio
218,4,Sep 17 2016,7:00 PM,Sat,Troy,37,@,Southern Mississippi,31,,M.M. Roberts Stadium - Hattiesburg Mississippi
219,4,Sep 17 2016,2:00 PM,Sat,Tulsa,58,,North Carolina A&T,21,ESPN3,Chapman Stadium - Tulsa Oklahoma
220,4,Sep 17 2016,10:15 PM,Sat,UCLA,17,@,Brigham Young,14,ESPN,Lavell Edwards Stadium - Provo Utah
221,4,Sep 17 2016,10:30 PM,Sat,Utah,34,@,San Jose State,17,CBSSN,CEFCU Stadium - San Jose California
222,4,Sep 17 2016,3:30 PM,Sat,Virginia Tech,49,,Boston College,0,ESPNU,Lane Stadium - Blacksburg Virginia
223,4,Sep 17 2016,6:30 PM,Sat,Wake Forest,38,,Delaware,21,,BB&T Field - Winston-Salem North Carolina
224,4,Sep 17 2016,8:00 PM,Sat,(8) Washington,41,,Portland State,3,PAC12,Husky Stadium - Seattle Washington
225,4,Sep 17 2016,2:00 PM,Sat,Washington State,56,,Idaho,6,PAC12,Martin Stadium - Pullman Washington
226,4,Sep 17 2016,3:30 PM,Sat,Western Kentucky,31,@,Miami (OH),24,ESPN3,Fred Yager Stadium - Oxford Ohio
227,4,Sep 17 2016,4:00 PM,Sat,Western Michigan,34,@,Illinois,10,ESPNN,Memorial Stadium - Champaign Illinois
228,4,Sep 17 2016,12:00 PM,Sat,(9) Wisconsin,23,,Georgia State,17,BTN,Camp Randall Stadium - Madison Wisconsin
229,4,Sep 17 2016,4:00 PM,Sat,Wyoming,45,,California-Davis,22,,War Memorial Stadium - Laramie Wyoming
230,5,Sep 22 2016,7:30 PM,Thu,(5) Clemson,26,@,Georgia Tech,7,ESPN,Bobby Dodd Stadium - Atlanta Georgia
231,5,Sep 23 2016,7:30 PM,Fri,Eastern Michigan,27,,Wyoming,24,CBSSN,Rynearson Stadium - Ypsilanti Michigan
232,5,Sep 23 2016,8:00 PM,Fri,Texas Christian,33,@,Southern Methodist,3,ESPN,Gerald J. Ford Stadium - Dallas Texas
233,5,Sep 23 2016,9:00 PM,Fri,(24) Utah,31,,Southern California,27,FS1,Rice-Eccles Stadium - Salt Lake City Utah
234,5,Sep 24 2016,10:15 PM,Sat,Air Force,27,@,Utah State,20,,Merlin Olsen Field at Maverik Stadium - Logan Utah
235,5,Sep 24 2016,12:00 PM,Sat,(1) Alabama,48,,Kent State,0,,Bryant-Denny Stadium - Tuscaloosa Alabama
236,5,Sep 24 2016,3:30 PM,Sat,Appalachian State,45,@,Akron,38,,InfoCision Stadium - Akron Ohio
237,5,Sep 24 2016,10:00 PM,Sat,Arizona State,51,,California,41,,Sun Devil Stadium - Tempe Arizona
238,5,Sep 24 2016,6:00 PM,Sat,Auburn,18,,(18) Louisiana State,13,,Jordan Hare Stadium - Auburn Alabama
239,5,Sep 24 2016,6:00 PM,Sat,Ball State,31,@,Florida Atlantic,27,,FAU Football Stadium - Boca Raton Florida
240,5,Sep 24 2016,7:30 PM,Sat,(16) Baylor,35,,Oklahoma State,24,,McLane Stadium - Waco Texas
241,5,Sep 24 2016,3:30 PM,Sat,Boise State,38,@,Oregon State,24,,Reser Stadium - Corvallis Oregon
242,5,Sep 24 2016,1:00 PM,Sat,Boston College,42,,Wagner,10,,Alumni Stadium - Chestnut Hill Massachusetts
243,5,Sep 24 2016,7:00 PM,Sat,Buffalo,23,,Army,20,,University of Buffalo Stadium - Buffalo New York
244,5,Sep 24 2016,7:00 PM,Sat,Central Arkansas,28,@,Arkansas State,23,,Centennial Bank Stadium - Jonesboro Arkansas
245,5,Sep 24 2016,7:00 PM,Sat,Central Florida,53,@,Florida International,14,,FIU Stadium - Miami Florida
246,5,Sep 24 2016,3:30 PM,Sat,Cincinnati,27,,Miami (OH),20,,Nippert Stadium - Cincinnati Ohio
247,5,Sep 24 2016,5:30 PM,Sat,Colorado,41,@,Oregon,38,,Autzen Stadium - Eugene Oregon
248,5,Sep 24 2016,3:30 PM,Sat,Duke,38,@,Notre Dame,35,NBC,Notre Dame Stadium - South Bend Indiana
249,5,Sep 24 2016,12:00 PM,Sat,(13) Florida State,55,@,South Florida,35,,Raymond James Stadium - Tampa Florida
250,5,Sep 24 2016,7:00 PM,Sat,(6) Houston,64,@,Texas State,3,,Bobcat Stadium - San Marcos Texas
251,5,Sep 24 2016,9:00 PM,Sat,Idaho,33,@,Nevada-Las Vegas,30,,Sam Boyd Stadium - Las Vegas Nevada
252,5,Sep 24 2016,12:00 PM,Sat,Iowa,14,@,Rutgers,7,,High Points Solutions Stadium - Piscataway New Jersey
253,5,Sep 24 2016,12:00 PM,Sat,Iowa State,44,,San Jose State,10,,Jack Trice Stadium - Ames Iowa
254,5,Sep 24 2016,7:10 PM,Sat,Kansas State,35,,Missouri State,0,,Bill Snyder Family Football Stadium - Manhattan Kansas
255,5,Sep 24 2016,7:30 PM,Sat,Kentucky,17,,South Carolina,10,,Commonwealth Stadium - Lexington Kentucky
256,5,Sep 24 2016,8:00 PM,Sat,(3) Louisville,59,@,Marshall,28,,Joan C. Edwards Stadium - Huntington West Virginia
257,5,Sep 24 2016,8:00 PM,Sat,Memphis,77,,Bowling Green State,3,,Liberty Bowl Memorial Stadium - Memphis Tennessee
258,5,Sep 24 2016,3:30 PM,Sat,(4) Michigan,49,,Penn State,10,,Michigan Stadium - Ann Arbor Michigan
259,5,Sep 24 2016,7:00 PM,Sat,Middle Tennessee State,38,,Louisiana Tech,34,,"Johnny ""Red"" Floyd Stadium - Murfreesboro Tennessee"
260,5,Sep 24 2016,12:00 PM,Sat,Minnesota,31,,Colorado State,24,,TCF Bank Stadium - Minneapolis Minnesota
261,5,Sep 24 2016,12:00 PM,Sat,(23) Mississippi,45,,(12) Georgia,14,,Vaught-Hemingway Stadium - Oxford Mississippi
262,5,Sep 24 2016,3:30 PM,Sat,Mississippi State,47,@,Massachusetts,35,ESPN3,Gillette Stadium - Foxborough Massachusetts
263,5,Sep 24 2016,4:00 PM,Sat,Missouri,79,,Delaware State,0,,Faurot Field - Columbia Missouri
264,5,Sep 24 2016,7:30 PM,Sat,(20) Nebraska,24,@,Northwestern,13,BTN,Ryan Field - Evanston Illinois
265,5,Sep 24 2016,3:30 PM,Sat,North Carolina,37,,Pittsburgh,36,,Kenan Memorial Stadium - Chapel Hill North Carolina
266,5,Sep 24 2016,6:00 PM,Sat,North Texas,42,@,Rice,35,,Rice Stadium - Houston Texas
267,5,Sep 24 2016,2:00 PM,Sat,Ohio,37,,Gardner-Webb,21,,Peden Stadium - Athens Ohio
268,5,Sep 24 2016,3:30 PM,Sat,Old Dominion,33,,Texas-San Antonio,19,,S.B. Ballard Stadium - Norfolk Virginia
269,5,Sep 24 2016,12:00 PM,Sat,Purdue,24,,Nevada,14,,Ross Ade Stadium - West Lafayette Indiana
270,5,Sep 24 2016,7:00 PM,Sat,South Alabama,41,,Nicholls State,40,,Ladd-Peebles Stadium - Mobile Alabama
271,5,Sep 24 2016,8:00 PM,Sat,Southern Mississippi,34,@,Texas-El Paso,7,,Sun Bowl Stadium - El Paso Texas
272,5,Sep 24 2016,8:00 PM,Sat,(7) Stanford,22,@,UCLA,13,,Rose Bowl - Pasadena California
273,5,Sep 24 2016,1:00 PM,Sat,Syracuse,31,@,Connecticut,24,,Rentschler Field - East Hartford Connecticut
274,5,Sep 24 2016,12:00 PM,Sat,Temple,48,,Charlotte,20,,Lincoln Financial Field - Philadelphia Pennsylvania
275,5,Sep 24 2016,3:30 PM,Sat,(14) Tennessee,38,,(19) Florida,28,,Neyland Stadium - Knoxville Tennessee
276,5,Sep 24 2016,9:00 PM,Sat,(10) Texas A&M,45,,(17) Arkansas,24,,AT&T Stadium - Arlington Texas
277,5,Sep 24 2016,7:00 PM,Sat,Troy,52,,New Mexico State,6,,Veterans Memorial Stadium - Troy Alabama
278,5,Sep 24 2016,8:00 PM,Sat,Tulane,41,,Louisiana-Lafayette,39,,Yulman Stadium - New Orleans Louisiana
279,5,Sep 24 2016,4:30 PM,Sat,Tulsa,48,@,Fresno State,41,CAMP,Bulldog Stadium - Fresno California
280,5,Sep 24 2016,4:30 PM,Sat,Vanderbilt,31,@,Western Kentucky,30,CBSSN,Houchens Industries-L.T. Smith Stadium - Bowling Green Kentucky
281,5,Sep 24 2016,12:30 PM,Sat,Virginia,49,,Central Michigan,35,,Scott Stadium - Charlottesville Virginia
282,5,Sep 24 2016,12:30 PM,Sat,Virginia Tech,54,,East Carolina,17,,Lane Stadium - Blacksburg Virginia
283,5,Sep 24 2016,3:30 PM,Sat,Wake Forest,33,@,Indiana,28,,Memorial Stadium - Bloomington Indiana
284,5,Sep 24 2016,10:30 PM,Sat,(9) Washington,35,@,Arizona,28,,Arizona Stadium - Tucson Arizona
285,5,Sep 24 2016,3:30 PM,Sat,West Virginia,35,,Brigham Young,32,,FedEx Field - Landover Maryland
286,5,Sep 24 2016,3:30 PM,Sat,Western Illinois,28,@,Northern Illinois,23,,Huskie Stadium - DeKalb Illinois
287,5,Sep 24 2016,7:00 PM,Sat,Western Michigan,49,,Georgia Southern,31,,Waldo Stadium - Kalamazoo Michigan
288,5,Sep 24 2016,12:00 PM,Sat,(11) Wisconsin,30,@,(8) Michigan State,6,,Spartan Stadium - East Lansing Michigan
289,6,Sep 29 2016,8:00 PM,Thu,(6) Houston,42,,Connecticut,14,ESPN,TDECU Stadium - Houston Texas
290,6,Sep 29 2016,8:30 PM,Thu,Texas Tech,55,,Kansas,19,FS1,Jones AT&T Stadium - Lubbock Texas
291,6,Sep 30 2016,10:15 PM,Fri,Brigham Young,55,,Toledo,53,ESPN2,Lavell Edwards Stadium - Provo Utah
292,6,Sep 30 2016,9:00 PM,Fri,(10) Washington,44,,(7) Stanford,6,ESPN,Husky Stadium - Seattle Washington
293,6,Oct 1 2016,3:30 PM,Sat,Air Force,28,,Navy,14,CBSSN,Falcon Stadium - Colorado Springs Colorado
294,6,Oct 1 2016,3:30 PM,Sat,Akron,31,@,Kent State,27,,Dix Stadium - Kent Ohio
295,6,Oct 1 2016,7:00 PM,Sat,(1) Alabama,34,,Kentucky,6,,Bryant-Denny Stadium - Tuscaloosa Alabama
296,6,Oct 1 2016,12:00 PM,Sat,Appalachian State,17,,Georgia State,3,,Kidd Brewer Stadium - Boone North Carolina
297,6,Oct 1 2016,12:00 PM,Sat,(20) Arkansas,52,,Alcorn State,10,,War Memorial Stadium - Little Rock Arkansas
298,6,Oct 1 2016,3:30 PM,Sat,Auburn,58,,Louisiana-Monroe,7,,Jordan Hare Stadium - Auburn Alabama
299,6,Oct 1 2016,12:00 PM,Sat,(13) Baylor,45,@,Iowa State,42,,Jack Trice Stadium - Ames Iowa
300,6,Oct 1 2016,10:15 PM,Sat,(24) Boise State,21,,Utah State,10,,Albertsons Stadium - Boise Idaho
301,6,Oct 1 2016,1:00 PM,Sat,Boston College,35,,Buffalo,3,,Alumni Stadium - Chestnut Hill Massachusetts
302,6,Oct 1 2016,6:00 PM,Sat,California,28,,(18) Utah,23,,Memorial Stadium - Berkeley California
303,6,Oct 1 2016,12:00 PM,Sat,Central Florida,47,@,East Carolina,29,,Dowdy-Ficklen Stadium - Greenville North Carolina
304,6,Oct 1 2016,8:00 PM,Sat,(5) Clemson,42,,(3) Louisville,36,,Clemson Memorial Stadium - Clemson South Carolina
305,6,Oct 1 2016,2:30 PM,Sat,Colorado,47,,Oregon State,6,,Folsom Field - Boulder Colorado
306,6,Oct 1 2016,3:00 PM,Sat,Eastern Michigan,28,@,Bowling Green State,25,,Doyt L. Perry Stadium - Bowling Green Ohio
307,6,Oct 1 2016,12:00 PM,Sat,(23) Florida,13,@,Vanderbilt,6,,Vanderbilt Stadium - Nashville Tennessee
308,6,Oct 1 2016,7:00 PM,Sat,Florida International,33,,Florida Atlantic,31,,FIU Stadium - Miami Florida
309,6,Oct 1 2016,11:59 PM,Sat,Hawaii,38,,Nevada,17,,Hawaiian Tel Federal Credit Union Field at Aloha Stadium - Honolulu Hawaii
310,6,Oct 1 2016,8:00 PM,Sat,Indiana,24,,(17) Michigan State,21,BTN,Memorial Stadium - Bloomington Indiana
311,6,Oct 1 2016,7:30 PM,Sat,Louisiana State,42,,Missouri,7,,Tiger Stadium - Baton Rouge Louisiana
312,6,Oct 1 2016,7:00 PM,Sat,Louisiana Tech,28,,Texas-El Paso,7,,Joe Aillet Stadium - Ruston Louisiana
313,6,Oct 1 2016,3:30 PM,Sat,Maryland,50,,Purdue,7,,Maryland Stadium - College Park Maryland
314,6,Oct 1 2016,12:00 PM,Sat,(14) Miami (FL),35,@,Georgia Tech,21,,Bobby Dodd Stadium - Atlanta Georgia
315,6,Oct 1 2016,3:30 PM,Sat,(4) Michigan,14,,(8) Wisconsin,7,,Michigan Stadium - Ann Arbor Michigan
316,6,Oct 1 2016,7:00 PM,Sat,Middle Tennessee State,30,@,North Texas,13,,Apogee Stadium - Denton Texas
317,6,Oct 1 2016,7:00 PM,Sat,(16) Mississippi,48,,Memphis,28,,Vaught-Hemingway Stadium - Oxford Mississippi
318,6,Oct 1 2016,3:30 PM,Sat,(15) Nebraska,31,,Illinois,16,,Memorial Stadium - Lincoln Nebraska
319,6,Oct 1 2016,10:30 PM,Sat,Nevada-Las Vegas,45,,Fresno State,20,CBSSN,Sam Boyd Stadium - Las Vegas Nevada
320,6,Oct 1 2016,4:00 PM,Sat,New Mexico,48,,San Jose State,41,,University Stadium - Albuquerque New Mexico
321,6,Oct 1 2016,8:00 PM,Sat,New Mexico State,37,,Louisiana-Lafayette,31,,Aggie Memorial Stadium - Las Cruces New Mexico
322,6,Oct 1 2016,3:30 PM,Sat,North Carolina,37,@,(12) Florida State,35,,Doak Campbell Stadium - Tallahassee Florida
323,6,Oct 1 2016,3:30 PM,Sat,North Carolina State,33,,Wake Forest,16,,Carter Finley Stadium - Raleigh North Carolina
324,6,Oct 1 2016,3:30 PM,Sat,Northern Illinois,31,@,Ball State,24,,Scheumann Stadium - Muncie Indiana
325,6,Oct 1 2016,12:00 PM,Sat,Northwestern,38,@,Iowa,31,,Kinnick Stadium - Iowa City Iowa
326,6,Oct 1 2016,12:00 PM,Sat,Notre Dame,50,,Syracuse,33,,MetLife Stadium - East Rutherford New Jersey
327,6,Oct 1 2016,2:30 PM,Sat,Ohio,17,@,Miami (OH),7,,Fred Yager Stadium - Oxford Ohio
328,6,Oct 1 2016,12:00 PM,Sat,(2) Ohio State,58,,Rutgers,0,,Ohio Stadium - Columbus Ohio
329,6,Oct 1 2016,5:00 PM,Sat,Oklahoma,52,@,(21) Texas Christian,46,,Amon G. Carter Stadium - Fort Worth Texas
330,6,Oct 1 2016,12:00 PM,Sat,Oklahoma State,49,,(22) Texas,31,,Boone Pickens Stadium - Stillwater Oklahoma
331,6,Oct 1 2016,6:00 PM,Sat,Old Dominion,52,@,Charlotte,17,,Jerry Richardson Stadium - Charlotte North Carolina
332,6,Oct 1 2016,3:30 PM,Sat,Penn State,29,,Minnesota,26,,Beaver Stadium - University Park Pennsylvania
333,6,Oct 1 2016,7:30 PM,Sat,Pittsburgh,43,,Marshall,27,,Heinz Field - Pittsburgh Pennsylvania
334,6,Oct 1 2016,8:00 PM,Sat,South Alabama,42,,(19) San Diego State,24,,Ladd-Peebles Stadium - Mobile Alabama
335,6,Oct 1 2016,7:00 PM,Sat,South Florida,45,@,Cincinnati,20,,Nippert Stadium - Cincinnati Ohio
336,6,Oct 1 2016,8:30 PM,Sat,Southern California,41,,Arizona State,20,,Los Angeles Memorial Coliseum - Los Angeles California
337,6,Oct 1 2016,7:00 PM,Sat,Southern Mississippi,44,,Rice,28,,M.M. Roberts Stadium - Hattiesburg Mississippi
338,6,Oct 1 2016,12:00 PM,Sat,Temple,45,,Southern Methodist,20,,Lincoln Financial Field - Philadelphia Pennsylvania
339,6,Oct 1 2016,3:30 PM,Sat,(11) Tennessee,34,@,(25) Georgia,31,,Sanford Stadium - Athens Georgia
340,6,Oct 1 2016,4:00 PM,Sat,(9) Texas A&M,24,@,South Carolina,13,,Williams-Brice Stadium - Columbia South Carolina
341,6,Oct 1 2016,7:30 PM,Sat,Texas State,48,,Incarnate Word,17,,Bobcat Stadium - San Marcos Texas
342,6,Oct 1 2016,5:00 PM,Sat,Troy,34,@,Idaho,13,,Kibbie Dome - Moscow Idaho
343,6,Oct 1 2016,3:30 PM,Sat,Tulane,31,@,Massachusetts,24,,Warren McGuirk Alumni Stadium - Amherst Massachusetts
344,6,Oct 1 2016,10:30 PM,Sat,UCLA,45,,Arizona,24,,Rose Bowl - Pasadena California
345,6,Oct 1 2016,12:30 PM,Sat,Virginia,34,@,Duke,20,,Wallace Wade Stadium - Durham North Carolina
346,6,Oct 1 2016,9:30 PM,Sat,Washington State,51,,Oregon,33,,Martin Stadium - Pullman Washington
347,6,Oct 1 2016,3:30 PM,Sat,West Virginia,17,,Kansas State,16,,Milan Puskar Stadium - Morgantown West Virginia
348,6,Oct 1 2016,7:00 PM,Sat,Western Kentucky,50,,Houston Baptist,3,,Houchens Industries-L.T. Smith Stadium - Bowling Green Kentucky
349,6,Oct 1 2016,7:00 PM,Sat,Western Michigan,49,@,Central Michigan,10,,Kelly/Shorts Stadium - Mount Pleasant Michigan
350,6,Oct 1 2016,10:15 PM,Sat,Wyoming,38,@,Colorado State,17,,Sonny Lubick Field at Hughes Stadium - Fort Collins Colorado
351,7,Oct 5 2016,8:00 PM,Wed,Arkansas State,27,,Georgia Southern,26,ESPN2,Centennial Bank Stadium - Jonesboro Arkansas
352,7,Oct 6 2016,8:00 PM,Thu,Louisiana Tech,55,,Western Kentucky,52,,Joe Aillet Stadium - Ruston Louisiana
353,7,Oct 6 2016,8:00 PM,Thu,Memphis,34,,Temple,27,ESPN,Liberty Bowl Memorial Stadium - Memphis Tennessee
354,7,Oct 7 2016,9:00 PM,Fri,(19) Boise State,49,@,New Mexico,21,CBSSN,University Stadium - Albuquerque New Mexico
355,7,Oct 7 2016,7:30 PM,Fri,(3) Clemson,56,@,Boston College,10,ESPN,Alumni Stadium - Chestnut Hill Massachusetts
356,7,Oct 7 2016,8:00 PM,Fri,Old Dominion,36,,Massachusetts,16,,S.B. Ballard Stadium - Norfolk Virginia
357,7,Oct 7 2016,8:00 PM,Fri,Tulsa,43,,Southern Methodist,40,ESPN2,Skelly Field at H.A. Chapman Stadium - Tulsa Oklahoma
358,7,Oct 8 2016,3:00 PM,Sat,Akron,35,,Miami (OH),13,,InfoCision Stadium - Akron Ohio
359,7,Oct 8 2016,7:00 PM,Sat,(1) Alabama,49,@,(16) Arkansas,30,,Donald W. Reynolds Razorback Stadium - Fayetteville Arkansas
360,7,Oct 8 2016,10:30 PM,Sat,Arizona State,23,,UCLA,20,,Sun Devil Stadium - Tempe Arizona
361,7,Oct 8 2016,12:00 PM,Sat,Auburn,38,@,Mississippi State,14,,Davis Wade Stadium - Starkville Mississippi
362,7,Oct 8 2016,3:30 PM,Sat,Brigham Young,31,@,Michigan State,14,,Spartan Stadium - East Lansing Michigan
363,7,Oct 8 2016,3:30 PM,Sat,Central Michigan,24,,Ball State,21,,Kelly/Shorts Stadium - Mount Pleasant Michigan
364,7,Oct 8 2016,10:00 PM,Sat,Colorado State,31,,Utah State,24,CBSSN,Sonny Lubick Field at Hughes Stadium - Fort Collins Colorado
365,7,Oct 8 2016,11:30 AM,Sat,Connecticut,20,,Cincinnati,9,CBSSN,Rentschler Field - East Hartford Connecticut
366,7,Oct 8 2016,3:30 PM,Sat,Duke,13,,Army,6,,Wallace Wade Stadium - Durham North Carolina
367,7,Oct 8 2016,8:00 PM,Sat,Florida International,35,@,Texas-El Paso,21,,Sun Bowl Stadium - El Paso Texas
368,7,Oct 8 2016,8:00 PM,Sat,(23) Florida State,20,@,(10) Miami (FL),19,,Hard Rock Stadium - Miami Gardens Florida
369,7,Oct 8 2016,3:30 PM,Sat,Georgia State,41,,Texas State,21,,Georgia Dome - Atlanta Georgia
370,7,Oct 8 2016,4:30 PM,Sat,Hawaii,34,@,San Jose State,17,,CEFCU Stadium - San Jose California
371,7,Oct 8 2016,7:00 PM,Sat,Idaho,34,@,Louisiana-Monroe,31,,Malone Stadium - Monroe Louisiana
372,7,Oct 8 2016,12:00 PM,Sat,Iowa,14,@,Minnesota,7,,TCF Bank Stadium - Minneapolis Minnesota
373,7,Oct 8 2016,7:00 PM,Sat,Kansas State,44,,Texas Tech,38,,Bill Snyder Family Football Stadium - Manhattan Kansas
374,7,Oct 8 2016,3:30 PM,Sat,Kent State,44,@,Buffalo,20,,University of Buffalo Stadium - Buffalo New York
375,7,Oct 8 2016,4:00 PM,Sat,Kentucky,20,,Vanderbilt,13,,Commonwealth Stadium - Lexington Kentucky
376,7,Oct 8 2016,7:00 PM,Sat,(4) Michigan,78,@,Rutgers,0,,High Points Solutions Stadium - Piscataway New Jersey
377,7,Oct 8 2016,3:00 PM,Sat,Navy,46,,(6) Houston,40,CBSSN,Navy Marine Corps Memorial Stadium - Annapolis Maryland
378,7,Oct 8 2016,7:00 PM,Sat,Nevada,27,,Fresno State,22,,MacKay Stadium - Reno Nevada
379,7,Oct 8 2016,12:00 PM,Sat,North Carolina State,10,,Notre Dame,3,,Carter Finley Stadium - Raleigh North Carolina
380,7,Oct 8 2016,7:00 PM,Sat,North Texas,38,,Marshall,21,,Apogee Stadium - Denton Texas
381,7,Oct 8 2016,2:00 PM,Sat,Ohio,30,,Bowling Green State,24,,Peden Stadium - Athens Ohio
382,7,Oct 8 2016,3:30 PM,Sat,(2) Ohio State,38,,Indiana,17,,Ohio Stadium - Columbus Ohio
383,7,Oct 8 2016,12:00 PM,Sat,(20) Oklahoma,45,,Texas,40,,Cotton Bowl Stadium - Dallas Texas
384,7,Oct 8 2016,3:30 PM,Sat,Oklahoma State,38,,Iowa State,31,,Boone Pickens Stadium - Stillwater Oklahoma
385,7,Oct 8 2016,9:00 PM,Sat,Oregon State,47,,California,44,,Reser Stadium - Corvallis Oregon
386,7,Oct 8 2016,12:00 PM,Sat,Penn State,38,,Maryland,14,,Beaver Stadium - University Park Pennsylvania
387,7,Oct 8 2016,12:30 PM,Sat,Pittsburgh,37,,Georgia Tech,34,,Heinz Field - Pittsburgh Pennsylvania
388,7,Oct 8 2016,3:30 PM,Sat,Purdue,34,@,Illinois,31,,Memorial Stadium - Champaign Illinois
389,7,Oct 8 2016,10:30 PM,Sat,San Diego State,26,,Nevada-Las Vegas,7,,Qualcomm Stadium - San Diego California
390,7,Oct 8 2016,12:00 PM,Sat,South Florida,38,,East Carolina,22,,Raymond James Stadium - Tampa Florida
391,7,Oct 8 2016,4:00 PM,Sat,Southern California,21,,(21) Colorado,17,,Los Angeles Memorial Coliseum - Los Angeles California
392,7,Oct 8 2016,3:30 PM,Sat,(8) Texas A&M,45,,(9) Tennessee,38,,Kyle Field - College Station Texas
393,7,Oct 8 2016,12:00 PM,Sat,Texas Christian,24,@,Kansas,23,,Memorial Stadium - Lawrence Kansas
394,7,Oct 8 2016,12:00 PM,Sat,Texas-San Antonio,55,,Southern Mississippi,32,,Alamodome - San Antonio Texas
395,7,Oct 8 2016,3:00 PM,Sat,Toledo,35,@,Eastern Michigan,20,,Rynearson Stadium - Ypsilanti Michigan
396,7,Oct 8 2016,10:00 PM,Sat,(24) Utah,36,,Arizona,23,,Rice-Eccles Stadium - Salt Lake City Utah
397,7,Oct 8 2016,3:30 PM,Sat,(25) Virginia Tech,34,@,(17) North Carolina,3,,Kenan Memorial Stadium - Chapel Hill North Carolina
398,7,Oct 8 2016,7:00 PM,Sat,Wake Forest,28,,Syracuse,9,,BB&T Field - Winston-Salem North Carolina
399,7,Oct 8 2016,7:30 PM,Sat,(5) Washington,70,@,Oregon,21,,Autzen Stadium - Eugene Oregon
400,7,Oct 8 2016,10:30 PM,Sat,Washington State,42,@,(15) Stanford,16,,Stanford Stadium - Stanford California
401,7,Oct 8 2016,6:30 PM,Sat,Western Michigan,45,,Northern Illinois,30,,Waldo Stadium - Kalamazoo Michigan
402,7,Oct 8 2016,3:30 PM,Sat,Wyoming,35,,Air Force,26,,War Memorial Stadium - Laramie Wyoming
403,7,Oct 9 2016,12:00 PM,Sun,Charlotte,28,@,Florida Atlantic,23,,FAU Football Stadium - Boca Raton Florida
404,7,Oct 9 2016,2:30 PM,Sun,Georgia,28,@,South Carolina,14,,Williams-Brice Stadium - Columbia South Carolina
405,8,Oct 12 2016,8:00 PM,Wed,Appalachian State,24,@,Louisiana-Lafayette,0,ESPN2,Cajun Field - Lafayette Louisiana
406,8,Oct 14 2016,10:15 PM,Fri,Brigham Young,28,,Mississippi State,21,ESPN,Lavell Edwards Stadium - Provo Utah
407,8,Oct 14 2016,7:00 PM,Fri,(7) Louisville,24,,Duke,14,ESPN,Papa John's Cardinal Stadium - Louisville Kentucky
408,8,Oct 14 2016,8:00 PM,Fri,Memphis,24,@,Tulane,14,ESPNU,Yulman Stadium - New Orleans Louisiana
409,8,Oct 14 2016,10:00 PM,Fri,San Diego State,17,@,Fresno State,3,CBSSN,Bulldog Stadium - Fresno California
410,8,Oct 15 2016,3:30 PM,Sat,(1) Alabama,49,@,(9) Tennessee,10,,Neyland Stadium - Knoxville Tennessee
411,8,Oct 15 2016,7:00 PM,Sat,(22) Arkansas,34,,(12) Mississippi,30,,Donald W. Reynolds Razorback Stadium - Fayetteville Arkansas
412,8,Oct 15 2016,7:00 PM,Sat,Arkansas State,17,,South Alabama,7,,Centennial Bank Stadium - Jonesboro Arkansas
413,8,Oct 15 2016,12:00 PM,Sat,Army,62,,Lafayette,7,,Michie Stadium - West Point New York
414,8,Oct 15 2016,3:30 PM,Sat,Ball State,31,@,Buffalo,21,,University of Buffalo Stadium - Buffalo New York
415,8,Oct 15 2016,3:30 PM,Sat,(11) Baylor,49,,Kansas,7,,McLane Stadium - Waco Texas
416,8,Oct 15 2016,10:15 PM,Sat,(15) Boise State,28,,Colorado State,23,,Albertsons Stadium - Boise Idaho
417,8,Oct 15 2016,3:30 PM,Sat,Central Michigan,34,@,Northern Illinois,28,,Huskie Stadium - DeKalb Illinois
418,8,Oct 15 2016,12:00 PM,Sat,(3) Clemson,24,,North Carolina State,17,,Clemson Memorial Stadium - Clemson South Carolina
419,8,Oct 15 2016,8:00 PM,Sat,Colorado,40,,Arizona State,16,,Folsom Field - Boulder Colorado
420,8,Oct 15 2016,2:00 PM,Sat,Eastern Michigan,27,@,Ohio,20,,Peden Stadium - Athens Ohio
421,8,Oct 15 2016,4:00 PM,Sat,(18) Florida,40,,Missouri,14,,Ben Hill Griffin Stadium - Gainesville Florida
422,8,Oct 15 2016,6:00 PM,Sat,Florida International,27,@,Charlotte,26,,Jerry Richardson Stadium - Charlotte North Carolina
423,8,Oct 15 2016,3:30 PM,Sat,(14) Florida State,17,,Wake Forest,6,,Doak Campbell Stadium - Tallahassee Florida
424,8,Oct 15 2016,12:30 PM,Sat,Georgia Tech,35,,Georgia Southern,24,,Bobby Dodd Stadium - Atlanta Georgia
425,8,Oct 15 2016,7:00 PM,Sat,(13) Houston,38,,Tulsa,31,,TDECU Stadium - Houston Texas
426,8,Oct 15 2016,5:00 PM,Sat,Idaho,55,,New Mexico State,23,,Kibbie Dome - Moscow Idaho
427,8,Oct 15 2016,12:00 PM,Sat,Illinois,24,@,Rutgers,7,,High Points Solutions Stadium - Piscataway New Jersey
428,8,Oct 15 2016,12:00 PM,Sat,Iowa,49,@,Purdue,35,,Ross Ade Stadium - West Lafayette Indiana
429,8,Oct 15 2016,7:30 PM,Sat,Louisiana State,45,,Southern Mississippi,10,,Tiger Stadium - Baton Rouge Louisiana
430,8,Oct 15 2016,3:30 PM,Sat,Louisiana Tech,56,@,Massachusetts,28,,Gillette Stadium - Foxborough Massachusetts
431,8,Oct 15 2016,7:00 PM,Sat,Louisiana-Monroe,40,,Texas State,34,,Malone Stadium - Monroe Louisiana
432,8,Oct 15 2016,7:00 PM,Sat,Marshall,27,,Florida Atlantic,21,,Joan C. Edwards Stadium - Huntington West Virginia
433,8,Oct 15 2016,2:30 PM,Sat,Miami (OH),18,,Kent State,14,,Fred Yager Stadium - Oxford Ohio
434,8,Oct 15 2016,12:00 PM,Sat,Minnesota,31,@,Maryland,10,,Maryland Stadium - College Park Maryland
435,8,Oct 15 2016,3:30 PM,Sat,(10) Nebraska,27,@,Indiana,22,,Memorial Stadium - Bloomington Indiana
436,8,Oct 15 2016,11:59 PM,Sat,Nevada-Las Vegas,41,@,Hawaii,38,,Hawaiian Tel Federal Credit Union Field at Aloha Stadium - Honolulu Hawaii
437,8,Oct 15 2016,3:30 PM,Sat,New Mexico,45,,Air Force,40,,Cotton Bowl Stadium - Dallas Texas
438,8,Oct 15 2016,3:30 PM,Sat,North Carolina,20,@,(16) Miami (FL),13,,Hard Rock Stadium - Miami Gardens Florida
439,8,Oct 15 2016,3:30 PM,Sat,Northwestern,54,@,Michigan State,40,,Spartan Stadium - East Lansing Michigan
440,8,Oct 15 2016,8:00 PM,Sat,(2) Ohio State,30,@,(8) Wisconsin,23,ABC,Camp Randall Stadium - Madison Wisconsin
441,8,Oct 15 2016,12:00 PM,Sat,(19) Oklahoma,38,,Kansas State,17,,Gaylord Family - Oklahoma Memorial Stadium - Norman Oklahoma
442,8,Oct 15 2016,12:30 PM,Sat,Pittsburgh,45,@,Virginia,31,,Scott Stadium - Charlottesville Virginia
443,8,Oct 15 2016,10:30 PM,Sat,San Jose State,14,,Nevada,10,CBSSN,CEFCU Stadium - San Jose California
444,8,Oct 15 2016,7:00 PM,Sat,South Florida,42,,Connecticut,27,,Raymond James Stadium - Tampa Florida
445,8,Oct 15 2016,3:30 PM,Sat,Southern California,48,@,Arizona,14,,Arizona Stadium - Tucson Arizona
446,8,Oct 15 2016,7:30 PM,Sat,Stanford,17,@,Notre Dame,10,NBC,Notre Dame Stadium - South Bend Indiana
447,8,Oct 15 2016,3:45 PM,Sat,Syracuse,31,,(17) Virginia Tech,17,,Carrier Dome - Syracuse New York
448,8,Oct 15 2016,7:30 PM,Sat,Temple,26,@,Central Florida,25,,Bright House Networks Stadium - Orlando Florida
449,8,Oct 15 2016,7:00 PM,Sat,Texas,27,,Iowa State,6,,Darrell K Royal-Texas Memorial Stadium - Austin Texas
450,8,Oct 15 2016,7:00 PM,Sat,Texas-San Antonio,14,@,Rice,13,,Rice Stadium - Houston Texas
451,8,Oct 15 2016,3:30 PM,Sat,Toledo,42,,Bowling Green State,35,,Glass Bowl - Toledo Ohio
452,8,Oct 15 2016,3:30 PM,Sat,Troy,31,,Georgia State,21,,Veterans Memorial Stadium - Troy Alabama
453,8,Oct 15 2016,4:00 PM,Sat,(21) Utah,19,@,Oregon State,14,,Reser Stadium - Corvallis Oregon
454,8,Oct 15 2016,12:00 PM,Sat,Vanderbilt,17,@,Georgia,16,,Sanford Stadium - Athens Georgia
455,8,Oct 15 2016,10:30 PM,Sat,Washington State,27,,UCLA,21,,Martin Stadium - Pullman Washington
456,8,Oct 15 2016,12:00 PM,Sat,(20) West Virginia,48,@,Texas Tech,17,,Jones AT&T Stadium - Lubbock Texas
457,8,Oct 15 2016,2:30 PM,Sat,Western Kentucky,44,@,Middle Tennessee State,43,ESPN3,"Johnny ""Red"" Floyd Stadium - Murfreesboro Tennessee"
458,8,Oct 15 2016,3:30 PM,Sat,(24) Western Michigan,41,@,Akron,0,,InfoCision Stadium - Akron Ohio
459,9,Oct 20 2016,10:15 PM,Thu,(14) Boise State,28,,Brigham Young,27,ESPN,Albertsons Stadium - Boise Idaho
460,9,Oct 20 2016,7:30 PM,Thu,Troy,28,@,South Alabama,21,ESPNU,Ladd-Peebles Stadium - Mobile Alabama
461,9,Oct 20 2016,7:00 PM,Thu,Virginia Tech,37,,Miami (FL),16,ESPN,Lane Stadium - Blacksburg Virginia
462,9,Oct 21 2016,10:30 PM,Fri,California,52,,Oregon,49,ESPN,Memorial Stadium - Berkeley California
463,9,Oct 21 2016,10:30 PM,Fri,San Diego State,42,,San Jose State,3,ESPN2,Qualcomm Stadium - San Diego California
464,9,Oct 21 2016,7:00 PM,Fri,Temple,46,,South Florida,30,ESPN,Lincoln Financial Field - Philadelphia Pennsylvania
465,9,Oct 22 2016,3:00 PM,Sat,Akron,35,@,Ball State,25,,Scheumann Stadium - Muncie Indiana
466,9,Oct 22 2016,3:30 PM,Sat,(1) Alabama,33,,(6) Texas A&M,14,,Bryant-Denny Stadium - Tuscaloosa Alabama
467,9,Oct 22 2016,3:30 PM,Sat,Appalachian State,37,,Idaho,19,,Kidd Brewer Stadium - Boone North Carolina
468,9,Oct 22 2016,6:00 PM,Sat,(21) Auburn,56,,(17) Arkansas,3,,Jordan Hare Stadium - Auburn Alabama
469,9,Oct 22 2016,12:00 PM,Sat,Central Florida,24,@,Connecticut,16,,Rentschler Field - East Hartford Connecticut
470,9,Oct 22 2016,5:30 PM,Sat,Charlotte,27,@,Marshall,24,,Joan C. Edwards Stadium - Huntington West Virginia
471,9,Oct 22 2016,7:00 PM,Sat,Cincinnati,31,,East Carolina,19,,Nippert Stadium - Cincinnati Ohio
472,9,Oct 22 2016,3:00 PM,Sat,Colorado,10,@,Stanford,5,,Stanford Stadium - Stanford California
473,9,Oct 22 2016,5:30 PM,Sat,Colorado State,42,@,Nevada-Las Vegas,23,,Sam Boyd Stadium - Las Vegas Nevada
474,9,Oct 22 2016,8:00 PM,Sat,Georgia Southern,22,@,New Mexico State,19,,Aggie Memorial Stadium - Las Cruces New Mexico
475,9,Oct 22 2016,3:30 PM,Sat,Georgia State,31,,Tennessee-Martin,6,,Georgia Dome - Atlanta Georgia
476,9,Oct 22 2016,2:00 PM,Sat,Hawaii,34,@,Air Force,27,,Falcon Stadium - Colorado Springs Colorado
477,9,Oct 22 2016,12:00 PM,Sat,Kansas State,24,,Texas,21,,Bill Snyder Family Football Stadium - Manhattan Kansas
478,9,Oct 22 2016,7:30 PM,Sat,Kentucky,40,,Mississippi State,38,,Commonwealth Stadium - Lexington Kentucky
479,9,Oct 22 2016,9:00 PM,Sat,(25) Louisiana State,38,,(23) Mississippi,21,,Tiger Stadium - Baton Rouge Louisiana
480,9,Oct 22 2016,7:00 PM,Sat,Louisiana Tech,44,@,Florida International,24,ESPN3,FIU Stadium - Miami Florida
481,9,Oct 22 2016,7:00 PM,Sat,Louisiana-Lafayette,27,@,Texas State,3,,Bobcat Stadium - San Marcos Texas
482,9,Oct 22 2016,12:00 PM,Sat,(7) Louisville,54,,North Carolina State,13,,Papa John's Cardinal Stadium - Louisville Kentucky
483,9,Oct 22 2016,7:30 PM,Sat,Maryland,28,,Michigan State,17,BTN,Maryland Stadium - College Park Maryland
484,9,Oct 22 2016,12:00 PM,Sat,Miami (OH),40,@,Bowling Green State,26,,Doyt L. Perry Stadium - Bowling Green Ohio
485,9,Oct 22 2016,3:30 PM,Sat,(3) Michigan,41,,Illinois,8,,Michigan Stadium - Ann Arbor Michigan
486,9,Oct 22 2016,4:00 PM,Sat,Middle Tennessee State,51,@,Missouri,45,,Faurot Field - Columbia Missouri
487,9,Oct 22 2016,12:00 PM,Sat,Minnesota,34,,Rutgers,32,,TCF Bank Stadium - Minneapolis Minnesota
488,9,Oct 22 2016,3:30 PM,Sat,(24) Navy,42,,Memphis,28,CBSSN,Navy Marine Corps Memorial Stadium - Annapolis Maryland
489,9,Oct 22 2016,3:30 PM,Sat,(8) Nebraska,27,,Purdue,14,,Memorial Stadium - Lincoln Nebraska
490,9,Oct 22 2016,9:00 PM,Sat,New Mexico,59,,Louisiana-Monroe,17,,University Stadium - Albuquerque New Mexico
491,9,Oct 22 2016,3:00 PM,Sat,(22) North Carolina,35,@,Virginia,14,,Scott Stadium - Charlottesville Virginia
492,9,Oct 22 2016,12:00 PM,Sat,North Texas,35,@,Army,18,,Michie Stadium - West Point New York
493,9,Oct 22 2016,3:30 PM,Sat,Northern Illinois,44,,Buffalo,7,,Huskie Stadium - DeKalb Illinois
494,9,Oct 22 2016,12:00 PM,Sat,Northwestern,24,,Indiana,14,,Ryan Field - Evanston Illinois
495,9,Oct 22 2016,1:00 PM,Sat,Ohio,14,@,Kent State,10,,Dix Stadium - Kent Ohio
496,9,Oct 22 2016,8:00 PM,Sat,(16) Oklahoma,66,@,Texas Tech,59,,Jones AT&T Stadium - Lubbock Texas
497,9,Oct 22 2016,12:00 PM,Sat,Oklahoma State,44,@,Kansas,20,,Memorial Stadium - Lawrence Kansas
498,9,Oct 22 2016,8:00 PM,Sat,Penn State,24,,(2) Ohio State,21,ABC,Beaver Stadium - University Park Pennsylvania
499,9,Oct 22 2016,3:30 PM,Sat,Rice,65,,Prairie View A&M,44,,Rice Stadium - Houston Texas
500,9,Oct 22 2016,12:00 PM,Sat,South Carolina,34,,Massachusetts,28,,Williams-Brice Stadium - Columbia South Carolina
501,9,Oct 22 2016,7:00 PM,Sat,Southern Methodist,38,,(11) Houston,16,,Gerald J. Ford Stadium - Dallas Texas
502,9,Oct 22 2016,12:30 PM,Sat,Syracuse,28,@,Boston College,20,,Alumni Stadium - Chestnut Hill Massachusetts
503,9,Oct 22 2016,7:00 PM,Sat,Texas-El Paso,52,@,Texas-San Antonio,49,,Alamodome - San Antonio Texas
504,9,Oct 22 2016,12:00 PM,Sat,Toledo,31,,Central Michigan,17,,Glass Bowl - Toledo Ohio
505,9,Oct 22 2016,3:45 PM,Sat,Tulsa,50,,Tulane,27,,Skelly Field at H.A. Chapman Stadium - Tulsa Oklahoma
506,9,Oct 22 2016,4:00 PM,Sat,(19) Utah,52,@,UCLA,45,,Rose Bowl - Pasadena California
507,9,Oct 22 2016,10:30 PM,Sat,Utah State,38,,Fresno State,20,CBSSN,Merlin Olsen Field at Maverik Stadium - Logan Utah
508,9,Oct 22 2016,7:30 PM,Sat,Vanderbilt,35,,Tennessee State,17,,Vanderbilt Stadium - Nashville Tennessee
509,9,Oct 22 2016,6:30 PM,Sat,(5) Washington,41,,Oregon State,17,,Husky Stadium - Seattle Washington
510,9,Oct 22 2016,10:00 PM,Sat,Washington State,37,@,Arizona State,32,,Sun Devil Stadium - Tempe Arizona
511,9,Oct 22 2016,3:30 PM,Sat,(12) West Virginia,34,,Texas Christian,10,,Milan Puskar Stadium - Morgantown West Virginia
512,9,Oct 22 2016,7:00 PM,Sat,Western Kentucky,59,,Old Dominion,24,,Houchens Industries-L.T. Smith Stadium - Bowling Green Kentucky
513,9,Oct 22 2016,3:30 PM,Sat,(20) Western Michigan,45,,Eastern Michigan,31,,Waldo Stadium - Kalamazoo Michigan
514,9,Oct 22 2016,12:00 PM,Sat,(10) Wisconsin,17,@,Iowa,9,,Kinnick Stadium - Iowa City Iowa
515,9,Oct 22 2016,10:30 PM,Sat,Wyoming,42,@,Nevada,34,,MacKay Stadium - Reno Nevada
516,10,Oct 27 2016,7:30 PM,Thu,Appalachian State,34,@,Georgia Southern,10,ESPNU,Allen E. Paulson Stadium - Statesboro Georgia
517,10,Oct 27 2016,7:30 PM,Thu,Buffalo,41,,Akron,20,CBSSN,University of Buffalo Stadium - Buffalo New York
518,10,Oct 27 2016,7:30 PM,Thu,Ohio,31,@,Toledo,26,CBSSN,Glass Bowl - Toledo Ohio
519,10,Oct 27 2016,10:30 PM,Thu,Southern California,45,,California,24,ESPN,Los Angeles Memorial Coliseum - Los Angeles California
520,10,Oct 27 2016,7:00 PM,Thu,(25) Virginia Tech,39,@,Pittsburgh,36,ESPN,Heinz Field - Pittsburgh Pennsylvania
521,10,Oct 28 2016,10:30 PM,Fri,Air Force,31,@,Fresno State,21,ESPN2,Bulldog Stadium - Fresno California
522,10,Oct 28 2016,8:00 PM,Fri,San Diego State,40,@,Utah State,13,CBSSN,Merlin Olsen Field at Maverik Stadium - Logan Utah
523,10,Oct 28 2016,7:00 PM,Fri,South Florida,52,,(22) Navy,45,ESPN2,Raymond James Stadium - Tampa Florida
524,10,Oct 29 2016,7:00 PM,Sat,Arkansas State,51,,Louisiana-Monroe,10,,Centennial Bank Stadium - Jonesboro Arkansas
525,10,Oct 29 2016,3:30 PM,Sat,Army,21,@,Wake Forest,13,,BB&T Field - Winston-Salem North Carolina
526,10,Oct 29 2016,7:15 PM,Sat,(15) Auburn,40,@,Mississippi,29,,Vaught-Hemingway Stadium - Oxford Mississippi
527,10,Oct 29 2016,12:30 PM,Sat,Boston College,21,@,North Carolina State,14,,Carter Finley Stadium - Raleigh North Carolina
528,10,Oct 29 2016,8:00 PM,Sat,(3) Clemson,37,@,(12) Florida State,34,,Doak Campbell Stadium - Tallahassee Florida
529,10,Oct 29 2016,12:00 PM,Sat,East Carolina,41,,Connecticut,3,,Dowdy-Ficklen Stadium - Greenville North Carolina
530,10,Oct 29 2016,3:30 PM,Sat,(14) Florida,24,,Georgia,10,CBS,EverBank Field - Jacksonville Florida
531,10,Oct 29 2016,12:00 PM,Sat,Georgia Tech,38,,Duke,35,,Bobby Dodd Stadium - Atlanta Georgia
532,10,Oct 29 2016,12:00 PM,Sat,Houston,31,,Central Florida,24,,TDECU Stadium - Houston Texas
533,10,Oct 29 2016,3:30 PM,Sat,Indiana,42,,Maryland,36,,Memorial Stadium - Bloomington Indiana
534,10,Oct 29 2016,12:00 PM,Sat,Kansas State,31,@,Iowa State,26,,Jack Trice Stadium - Ames Iowa
535,10,Oct 29 2016,12:00 PM,Sat,Kent State,27,@,Central Michigan,24,,Kelly/Shorts Stadium - Mount Pleasant Michigan
536,10,Oct 29 2016,12:00 PM,Sat,Kentucky,35,@,Missouri,21,,Faurot Field - Columbia Missouri
537,10,Oct 29 2016,7:00 PM,Sat,Louisiana Tech,61,,Rice,16,,Joe Aillet Stadium - Ruston Louisiana
538,10,Oct 29 2016,12:00 PM,Sat,(5) Louisville,32,@,Virginia,25,,Scott Stadium - Charlottesville Virginia
539,10,Oct 29 2016,12:00 PM,Sat,Massachusetts,34,,Wagner,10,ESPN3,Warren McGuirk Alumni Stadium - Amherst Massachusetts
540,10,Oct 29 2016,3:30 PM,Sat,Miami (OH),28,@,Eastern Michigan,15,,Rynearson Stadium - Ypsilanti Michigan
541,10,Oct 29 2016,12:00 PM,Sat,(2) Michigan,32,@,Michigan State,23,,Spartan Stadium - East Lansing Michigan
542,10,Oct 29 2016,7:00 PM,Sat,Middle Tennessee State,42,@,Florida International,35,,FIU Stadium - Miami Florida
543,10,Oct 29 2016,12:00 PM,Sat,Minnesota,40,@,Illinois,17,,Memorial Stadium - Champaign Illinois
544,10,Oct 29 2016,3:30 PM,Sat,Mississippi State,56,,Samford,41,,Davis Wade Stadium - Starkville Mississippi
545,10,Oct 29 2016,11:59 PM,Sat,New Mexico,28,@,Hawaii,21,,Hawaiian Tel Federal Credit Union Field at Aloha Stadium - Honolulu Hawaii
546,10,Oct 29 2016,3:30 PM,Sat,Notre Dame,30,,Miami (FL),27,NBC,Notre Dame Stadium - South Bend Indiana
547,10,Oct 29 2016,3:30 PM,Sat,(6) Ohio State,24,,Northwestern,20,ABC,Ohio Stadium - Columbus Ohio
548,10,Oct 29 2016,7:00 PM,Sat,(16) Oklahoma,56,,Kansas,3,,Gaylord Family - Oklahoma Memorial Stadium - Norman Oklahoma
549,10,Oct 29 2016,12:00 PM,Sat,Oklahoma State,37,,(10) West Virginia,20,,Boone Pickens Stadium - Stillwater Oklahoma
550,10,Oct 29 2016,8:00 PM,Sat,Old Dominion,31,@,Texas-El Paso,21,,Sun Bowl Stadium - El Paso Texas
551,10,Oct 29 2016,5:00 PM,Sat,Oregon,54,,Arizona State,35,,Autzen Stadium - Eugene Oregon
552,10,Oct 29 2016,12:00 PM,Sat,(24) Penn State,62,@,Purdue,24,,Ross-Ade Stadium - West Lafayette Indiana
553,10,Oct 29 2016,10:30 PM,Sat,San Jose State,30,,Nevada-Las Vegas,24,CBSSN,CEFCU Stadium - San Jose California
554,10,Oct 29 2016,5:00 PM,Sat,South Alabama,13,,Georgia State,10,,Ladd-Peebles Stadium - Mobile Alabama
555,10,Oct 29 2016,7:15 PM,Sat,South Carolina,24,,(18) Tennessee,21,,Williams-Brice Stadium - Columbia South Carolina
556,10,Oct 29 2016,4:00 PM,Sat,Southern Methodist,35,@,Tulane,31,,Yulman Stadium - New Orleans Louisiana
557,10,Oct 29 2016,7:00 PM,Sat,Southern Mississippi,24,,Marshall,14,,M.M. Roberts Stadium - Hattiesburg Mississippi
558,10,Oct 29 2016,11:00 PM,Sat,Stanford,34,@,Arizona,10,,Arizona Stadium - Tucson Arizona
559,10,Oct 29 2016,3:30 PM,Sat,Temple,34,,Cincinnati,13,,Lincoln Financial Field - Philadelphia Pennsylvania
560,10,Oct 29 2016,3:30 PM,Sat,Texas,35,,(8) Baylor,34,,Darrell K Royal-Texas Memorial Stadium - Austin Texas
561,10,Oct 29 2016,7:30 PM,Sat,(9) Texas A&M,52,,New Mexico State,10,,Kyle Field - College Station Texas
562,10,Oct 29 2016,3:30 PM,Sat,Texas Tech,27,@,Texas Christian,24,,Amon G. Carter Stadium - Fort Worth Texas
563,10,Oct 29 2016,7:00 PM,Sat,Texas-San Antonio,31,,North Texas,17,,Alamodome - San Antonio Texas
564,10,Oct 29 2016,8:00 PM,Sat,Tulsa,59,@,Memphis,30,,Liberty Bowl Memorial Stadium - Memphis Tennessee
565,10,Oct 29 2016,3:30 PM,Sat,(4) Washington,31,@,(17) Utah,24,,Rice-Eccles Stadium - Salt Lake City Utah
566,10,Oct 29 2016,10:45 PM,Sat,Washington State,35,@,Oregon State,31,,Reser Stadium - Corvallis Oregon
567,10,Oct 29 2016,3:30 PM,Sat,Western Kentucky,52,@,Florida Atlantic,3,,FAU Football Stadium - Boca Raton Florida
568,10,Oct 29 2016,7:00 PM,Sat,(11) Wisconsin,23,,(7) Nebraska,17,ABC,Camp Randall Stadium - Madison Wisconsin
569,10,Oct 29 2016,7:00 PM,Sat,Wyoming,30,,(13) Boise State,28,CBSSN,War Memorial Stadium - Laramie Wyoming
570,11,Nov 1 2016,8:00 PM,Tue,Northern Illinois,45,,Bowling Green State,20,ESPN2,Huskie Stadium - DeKalb Illinois
571,11,Nov 1 2016,8:00 PM,Tue,(17) Western Michigan,52,@,Ball State,20,ESPN2,Scheumann Stadium - Muncie Indiana
572,11,Nov 2 2016,7:30 PM,Wed,Toledo,48,@,Akron,17,ESPN2,InfoCision Stadium - Akron Ohio
573,11,Nov 3 2016,7:30 PM,Thu,Arkansas State,31,@,Georgia State,16,ESPNU,Georgia Dome - Atlanta Georgia
574,11,Nov 3 2016,9:00 PM,Thu,(21) Colorado,20,,UCLA,10,FS1,Folsom Field - Boulder Colorado
575,11,Nov 3 2016,6:00 PM,Thu,Ohio,34,,Buffalo,10,CBSSN,Peden Stadium - Athens Ohio
576,11,Nov 3 2016,7:30 PM,Thu,(12) Oklahoma,34,@,Iowa State,24,ESPN,Jack Trice Stadium - Ames Iowa
577,11,Nov 4 2016,10:15 PM,Fri,(24) Boise State,45,,San Jose State,31,ESPN2,Albertsons Stadium - Boise Idaho
578,11,Nov 4 2016,6:00 PM,Fri,Miami (OH),37,,Central Michigan,17,CBSSN,Fred Yager Stadium - Oxford Ohio
579,11,Nov 4 2016,7:00 PM,Fri,Temple,21,@,Connecticut,0,ESPN2,Rentschler Field - East Hartford Connecticut
580,11,Nov 5 2016,12:00 PM,Sat,Air Force,31,@,Army,12,CBSSN,Michie Stadium - West Point New York
581,11,Nov 5 2016,8:00 PM,Sat,(1) Alabama,10,@,(15) Louisiana State,0,,Tiger Stadium - Baton Rouge Louisiana
582,11,Nov 5 2016,3:30 PM,Sat,Appalachian State,35,,Texas State,10,,Kidd Brewer Stadium - Boone North Carolina
583,11,Nov 5 2016,3:30 PM,Sat,Arkansas,31,,(10) Florida,10,,Donald W. Reynolds Razorback Stadium - Fayetteville Arkansas
584,11,Nov 5 2016,12:00 PM,Sat,(11) Auburn,23,,Vanderbilt,16,,Jordan Hare Stadium - Auburn Alabama
585,11,Nov 5 2016,3:30 PM,Sat,Brigham Young,20,@,Cincinnati,3,,Nippert Stadium - Cincinnati Ohio
586,11,Nov 5 2016,5:00 PM,Sat,Central Florida,37,,Tulane,6,,Bright House Networks Stadium - Orlando Florida
587,11,Nov 5 2016,3:30 PM,Sat,Charlotte,38,@,Southern Mississippi,27,,M.M. Roberts Stadium - Hattiesburg Mississippi
588,11,Nov 5 2016,3:30 PM,Sat,(3) Clemson,54,,Syracuse,0,,Clemson Memorial Stadium - Clemson South Carolina
589,11,Nov 5 2016,3:30 PM,Sat,Colorado State,37,,Fresno State,0,,Sonny Lubick Field at Hughes Stadium - Fort Collins Colorado
590,11,Nov 5 2016,3:30 PM,Sat,Florida Atlantic,42,@,Rice,25,ESPN3,Rice Stadium - Houston Texas
591,11,Nov 5 2016,7:00 PM,Sat,(19) Florida State,24,@,North Carolina State,20,,Carter Finley Stadium - Raleigh North Carolina
592,11,Nov 5 2016,7:30 PM,Sat,Georgia,27,@,Kentucky,24,,Commonwealth Stadium - Lexington Kentucky
593,11,Nov 5 2016,5:00 PM,Sat,Idaho,23,@,Louisiana-Lafayette,13,,Cajun Field - Lafayette Louisiana
594,11,Nov 5 2016,12:00 PM,Sat,Illinois,31,,Michigan State,27,,Memorial Stadium - Champaign Illinois
595,11,Nov 5 2016,12:00 PM,Sat,Indiana,33,@,Rutgers,27,,High Points Solutions Stadium - Piscataway New Jersey
596,11,Nov 5 2016,5:30 PM,Sat,Louisiana Tech,45,@,North Texas,24,ESPN3,Apogee Stadium - Denton Texas
597,11,Nov 5 2016,5:00 PM,Sat,Louisiana-Monroe,42,,South Alabama,35,,Malone Stadium - Monroe Louisiana
598,11,Nov 5 2016,12:00 PM,Sat,(5) Louisville,52,@,Boston College,7,,Alumni Stadium - Chestnut Hill Massachusetts
599,11,Nov 5 2016,4:00 PM,Sat,Memphis,51,@,Southern Methodist,7,,Gerald J. Ford Stadium - Dallas Texas
600,11,Nov 5 2016,12:30 PM,Sat,Miami (FL),51,,Pittsburgh,28,,Hard Rock Stadium - Miami Gardens Florida
601,11,Nov 5 2016,3:30 PM,Sat,(2) Michigan,59,,Maryland,3,,Michigan Stadium - Ann Arbor Michigan
602,11,Nov 5 2016,3:30 PM,Sat,Minnesota,44,,Purdue,31,,TCF Bank Stadium - Minneapolis Minnesota
603,11,Nov 5 2016,12:00 PM,Sat,Mississippi,37,,Georgia Southern,27,,Vaught-Hemingway Stadium - Oxford Mississippi
604,11,Nov 5 2016,12:00 PM,Sat,Mississippi State,35,,(7) Texas A&M,28,,Davis Wade Stadium - Starkville Mississippi
605,11,Nov 5 2016,11:30 AM,Sat,Navy,28,,Notre Dame,27,CBS,EverBank Field - Jacksonville Florida
606,11,Nov 5 2016,10:15 PM,Sat,New Mexico,35,,Nevada,26,,University Stadium - Albuquerque New Mexico
607,11,Nov 5 2016,12:30 PM,Sat,(18) North Carolina,48,,Georgia Tech,20,,Kenan Memorial Stadium - Chapel Hill North Carolina
608,11,Nov 5 2016,8:00 PM,Sat,(6) Ohio State,62,,(9) Nebraska,3,ABC,Ohio Stadium - Columbus Ohio
609,11,Nov 5 2016,3:30 PM,Sat,(22) Oklahoma State,43,@,Kansas State,37,,Bill Snyder Family Football Stadium - Manhattan Kansas
610,11,Nov 5 2016,7:00 PM,Sat,Old Dominion,38,,Marshall,14,,S.B. Ballard Stadium - Norfolk Virginia
611,11,Nov 5 2016,7:30 PM,Sat,(20) Penn State,41,,Iowa,14,BTN,Beaver Stadium - University Park Pennsylvania
612,11,Nov 5 2016,7:00 PM,Sat,San Diego State,55,,Hawaii,0,,Qualcomm Stadium - San Diego California
613,11,Nov 5 2016,4:00 PM,Sat,South Carolina,31,,Missouri,21,,Williams-Brice Stadium - Columbia South Carolina
614,11,Nov 5 2016,7:00 PM,Sat,Southern California,45,,Oregon,20,,Los Angeles Memorial Coliseum - Los Angeles California
615,11,Nov 5 2016,3:30 PM,Sat,Stanford,26,,Oregon State,15,,Stanford Stadium - Stanford California
616,11,Nov 5 2016,4:00 PM,Sat,Tennessee,55,,Tennessee Tech,0,,Neyland Stadium - Knoxville Tennessee
617,11,Nov 5 2016,12:00 PM,Sat,Texas,45,@,Texas Tech,37,,Jones AT&T Stadium - Lubbock Texas
618,11,Nov 5 2016,3:30 PM,Sat,Texas Christian,62,@,(13) Baylor,22,,McLane Stadium - Waco Texas
619,11,Nov 5 2016,8:00 PM,Sat,Texas-El Paso,42,,Houston Baptist,10,,Sun Bowl Stadium - El Paso Texas
620,11,Nov 5 2016,2:30 PM,Sat,Texas-San Antonio,45,@,Middle Tennessee State,25,ESPN3,"Johnny ""Red"" Floyd Stadium - Murfreesboro Tennessee"
621,11,Nov 5 2016,3:30 PM,Sat,Troy,52,,Massachusetts,31,,Veterans Memorial Stadium - Troy Alabama
622,11,Nov 5 2016,8:00 PM,Sat,Tulsa,45,,East Carolina,24,,Skelly Field at H.A. Chapman Stadium - Tulsa Oklahoma
623,11,Nov 5 2016,3:30 PM,Sat,(23) Virginia Tech,24,@,Duke,21,,Wallace Wade Stadium - Durham North Carolina
624,11,Nov 5 2016,3:00 PM,Sat,Wake Forest,27,,Virginia,20,,BB&T Field - Winston-Salem North Carolina
625,11,Nov 5 2016,10:30 PM,Sat,(4) Washington,66,@,California,27,,Memorial Stadium - Berkeley California
626,11,Nov 5 2016,4:00 PM,Sat,(25) Washington State,69,,Arizona,7,,Martin Stadium - Pullman Washington
627,11,Nov 5 2016,7:00 PM,Sat,(14) West Virginia,48,,Kansas,21,,Milan Puskar Stadium - Morgantown West Virginia
628,11,Nov 5 2016,5:30 PM,Sat,Western Kentucky,49,,Florida International,21,,Houchens Industries-L.T. Smith Stadium - Bowling Green Kentucky
629,11,Nov 5 2016,12:00 PM,Sat,(8) Wisconsin,21,@,Northwestern,7,,Ryan Field - Evanston Illinois
630,11,Nov 5 2016,10:15 PM,Sat,Wyoming,52,,Utah State,28,,War Memorial Stadium - Laramie Wyoming
631,12,Nov 8 2016,7:00 PM,Tue,Eastern Michigan,48,@,Ball State,41,CBSSN,Scheumann Stadium - Muncie Indiana
632,12,Nov 8 2016,7:30 PM,Tue,(14) Western Michigan,37,@,Kent State,21,CBSSN,Dix Stadium - Kent Ohio
633,12,Nov 9 2016,8:00 PM,Wed,Bowling Green State,38,@,Akron,28,,InfoCision Stadium - Akron Ohio
634,12,Nov 9 2016,8:00 PM,Wed,Toledo,31,,Northern Illinois,24,ESPN2,Guaranteed Rate Field - Chicago Illinois
635,12,Nov 10 2016,7:30 PM,Thu,Duke,28,,(15) North Carolina,27,ESPN,Wallace Wade Stadium - Durham North Carolina
636,12,Nov 10 2016,7:30 PM,Thu,Louisiana-Lafayette,33,@,Georgia Southern,26,ESPNU,Allen E. Paulson Stadium - Statesboro Georgia
637,12,Nov 10 2016,9:30 PM,Thu,(13) Utah,49,@,Arizona State,26,FS1,Sun Devil Stadium - Tempe Arizona
638,12,Nov 11 2016,7:30 PM,Fri,(20) Florida State,45,,Boston College,7,ESPN2,Doak Campbell Stadium - Tallahassee Florida
639,12,Nov 12 2016,10:15 PM,Sat,Air Force,49,,Colorado State,46,,Falcon Stadium - Colorado Springs Colorado
640,12,Nov 12 2016,12:00 PM,Sat,(1) Alabama,51,,Mississippi State,3,,Bryant-Denny Stadium - Tuscaloosa Alabama
641,12,Nov 12 2016,3:00 PM,Sat,Arkansas State,41,,New Mexico State,22,,Centennial Bank Stadium - Jonesboro Arkansas
642,12,Nov 12 2016,7:00 PM,Sat,(24) Boise State,52,@,Hawaii,16,CBSSN,Hawaiian Tel Federal Credit Union Field at Aloha Stadium - Honolulu Hawaii
643,12,Nov 12 2016,3:00 PM,Sat,Brigham Young,37,,Southern Utah,7,,Lavell Edwards Stadium - Provo Utah
644,12,Nov 12 2016,12:00 PM,Sat,Central Florida,24,,Cincinnati,3,,Spectrum Stadium - Orlando Florida
645,12,Nov 12 2016,10:00 PM,Sat,(16) Colorado,49,@,Arizona,24,,Arizona Stadium - Tucson Arizona
646,12,Nov 12 2016,12:00 PM,Sat,(22) Florida,20,,South Carolina,7,,Ben Hill Griffin Stadium - Gainesville Florida
647,12,Nov 12 2016,6:00 PM,Sat,Florida Atlantic,35,,Texas-El Paso,31,,FAU Football Stadium - Boca Raton Florida
648,12,Nov 12 2016,3:30 PM,Sat,Georgia,13,,(8) Auburn,7,,Sanford Stadium - Athens Georgia
649,12,Nov 12 2016,3:30 PM,Sat,Georgia Tech,30,@,(18) Virginia Tech,20,,Lane Stadium - Blacksburg Virginia
650,12,Nov 12 2016,3:30 PM,Sat,Houston,30,,Tulane,18,,TDECU Stadium - Houston Texas
651,12,Nov 12 2016,4:00 PM,Sat,Idaho,47,@,Texas State,14,,Bobcat Stadium - San Marcos Texas
652,12,Nov 12 2016,8:00 PM,Sat,Iowa,14,,(2) Michigan,13,ABC,Kinnick Stadium - Iowa City Iowa
653,12,Nov 12 2016,12:00 PM,Sat,Iowa State,31,@,Kansas,24,,Memorial Stadium - Lawrence Kansas
654,12,Nov 12 2016,7:00 PM,Sat,(19) Louisiana State,38,@,Arkansas,10,,Donald W. Reynolds Razorback Stadium - Fayetteville Arkansas
655,12,Nov 12 2016,3:30 PM,Sat,Louisiana Tech,63,,Texas-San Antonio,35,,Joe Aillet Stadium - Ruston Louisiana
656,12,Nov 12 2016,2:00 PM,Sat,Louisiana-Monroe,37,@,Georgia State,23,,Georgia Dome - Atlanta Georgia
657,12,Nov 12 2016,7:00 PM,Sat,(5) Louisville,44,,Wake Forest,12,,Papa John's Cardinal Stadium - Louisville Kentucky
658,12,Nov 12 2016,7:00 PM,Sat,Marshall,42,,Middle Tennessee State,17,,Joan C. Edwards Stadium - Huntington West Virginia
659,12,Nov 12 2016,2:00 PM,Sat,Miami (FL),34,@,Virginia,14,,Scott Stadium - Charlottesville Virginia
660,12,Nov 12 2016,1:00 PM,Sat,Miami (OH),35,@,Buffalo,24,,University of Buffalo Stadium - Buffalo New York
661,12,Nov 12 2016,12:00 PM,Sat,Michigan State,49,,Rutgers,0,,Spartan Stadium - East Lansing Michigan
662,12,Nov 12 2016,7:30 PM,Sat,Mississippi,29,@,(10) Texas A&M,28,,Kyle Field - College Station Texas
663,12,Nov 12 2016,3:30 PM,Sat,Missouri,26,,Vanderbilt,17,,Faurot Field - Columbia Missouri
664,12,Nov 12 2016,12:00 PM,Sat,Navy,42,,Tulsa,40,CBSSN,Navy Marine Corps Memorial Stadium - Annapolis Maryland
665,12,Nov 12 2016,7:30 PM,Sat,(21) Nebraska,24,,Minnesota,17,BTN,Memorial Stadium - Lincoln Nebraska
666,12,Nov 12 2016,3:30 PM,Sat,Nevada-Las Vegas,69,,Wyoming,66,,Sam Boyd Stadium - Las Vegas Nevada
667,12,Nov 12 2016,10:15 PM,Sat,New Mexico,24,@,Utah State,21,,Merlin Olsen Field at Maverik Stadium - Logan Utah
668,12,Nov 12 2016,12:30 PM,Sat,North Carolina State,35,@,Syracuse,20,,Carrier Dome - Syracuse New York
669,12,Nov 12 2016,12:00 PM,Sat,Northwestern,45,@,Purdue,17,,Ross Ade Stadium - West Lafayette Indiana
670,12,Nov 12 2016,3:30 PM,Sat,Notre Dame,44,,Army,6,NBC,Alamodome - San Antonio Texas
671,12,Nov 12 2016,3:30 PM,Sat,(6) Ohio State,62,@,Maryland,3,,Maryland Stadium - College Park Maryland
672,12,Nov 12 2016,12:00 PM,Sat,(9) Oklahoma,45,,(25) Baylor,24,,Gaylord Family - Oklahoma Memorial Stadium - Norman Oklahoma
673,12,Nov 12 2016,3:30 PM,Sat,(17) Oklahoma State,45,,Texas Tech,44,,Boone Pickens Stadium - Stillwater Oklahoma
674,12,Nov 12 2016,3:30 PM,Sat,Old Dominion,51,,Southern Mississippi,35,,S.B. Ballard Stadium - Norfolk Virginia
675,12,Nov 12 2016,12:00 PM,Sat,(12) Penn State,45,@,Indiana,31,,Memorial Stadium - Bloomington Indiana
676,12,Nov 12 2016,3:30 PM,Sat,Pittsburgh,43,@,(3) Clemson,42,,Clemson Memorial Stadium - Clemson South Carolina
677,12,Nov 12 2016,2:00 PM,Sat,Rice,22,@,Charlotte,21,,Jerry Richardson Stadium - Charlotte North Carolina
678,12,Nov 12 2016,10:30 PM,Sat,San Diego State,46,@,Nevada,16,,MacKay Stadium - Reno Nevada
679,12,Nov 12 2016,7:00 PM,Sat,South Florida,49,@,Memphis,42,,Liberty Bowl Memorial Stadium - Memphis Tennessee
680,12,Nov 12 2016,7:30 PM,Sat,Southern California,26,@,(4) Washington,13,,Husky Stadium - Seattle Washington
681,12,Nov 12 2016,12:00 PM,Sat,Southern Methodist,55,@,East Carolina,31,,Dowdy-Ficklen Stadium - Greenville North Carolina
682,12,Nov 12 2016,4:00 PM,Sat,Stanford,52,@,Oregon,27,,Autzen Stadium - Eugene Oregon
683,12,Nov 12 2016,12:00 PM,Sat,Tennessee,49,,Kentucky,36,,Neyland Stadium - Knoxville Tennessee
684,12,Nov 12 2016,3:30 PM,Sat,Troy,28,,Appalachian State,24,,Veterans Memorial Stadium - Troy Alabama
685,12,Nov 12 2016,9:00 PM,Sat,UCLA,38,,Oregon State,24,,Rose Bowl - Pasadena California
686,12,Nov 12 2016,10:30 PM,Sat,(23) Washington State,56,,California,21,,Martin Stadium - Pullman Washington
687,12,Nov 12 2016,12:00 PM,Sat,(11) West Virginia,24,@,Texas,20,,Darrell K Royal-Texas Memorial Stadium - Austin Texas
688,12,Nov 12 2016,3:30 PM,Sat,Western Kentucky,45,,North Texas,7,ESPN3,Houchens Industries-L.T. Smith Stadium - Bowling Green Kentucky
689,12,Nov 12 2016,3:30 PM,Sat,(7) Wisconsin,48,,Illinois,3,,Camp Randall Stadium - Madison Wisconsin
690,13,Nov 15 2016,7:00 PM,Tue,Bowling Green State,42,,Kent State,7,,Doyt L. Perry Stadium - Bowling Green Ohio
691,13,Nov 15 2016,7:00 PM,Tue,Central Michigan,27,,Ohio,20,,Kelly/Shorts Stadium - Mount Pleasant Michigan
692,13,Nov 16 2016,8:00 PM,Wed,Northern Illinois,31,@,Eastern Michigan,24,,Rynearson Stadium - Ypsilanti Michigan
693,13,Nov 16 2016,7:00 PM,Wed,Toledo,37,,Ball State,19,ESPN2,Glass Bowl - Toledo Ohio
694,13,Nov 17 2016,9:30 PM,Thu,Arkansas State,35,@,(25) Troy,3,ESPNU,Veterans Memorial Stadium - Troy Alabama
695,13,Nov 17 2016,8:00 PM,Thu,Houston,36,,(3) Louisville,10,ESPN,TDECU Stadium - Houston Texas
696,13,Nov 18 2016,9:00 PM,Fri,(22) Boise State,42,,Nevada-Las Vegas,25,ESPN2,Albertsons Stadium - Boise Idaho
697,13,Nov 18 2016,8:00 PM,Fri,Memphis,34,@,Cincinnati,7,CBSSN,Nippert Stadium - Cincinnati Ohio
698,13,Nov 19 2016,10:30 PM,Sat,Air Force,41,@,San Jose State,38,CBSSN,CEFCU Stadium - San Jose California
699,13,Nov 19 2016,7:00 PM,Sat,(1) Alabama,31,,Chattanooga,3,,Bryant-Denny Stadium - Tuscaloosa Alabama
700,13,Nov 19 2016,2:30 PM,Sat,Appalachian State,42,,Louisiana-Monroe,17,,Kidd Brewer Stadium - Boone North Carolina
701,13,Nov 19 2016,7:00 PM,Sat,Arkansas,58,@,Mississippi State,42,,Davis Wade Stadium - Starkville Mississippi
702,13,Nov 19 2016,12:00 PM,Sat,Army,60,,Morgan State,3,,Michie Stadium - West Point New York
703,13,Nov 19 2016,7:30 PM,Sat,(18) Auburn,55,,Alabama A&M,0,,Jordan Hare Stadium - Auburn Alabama
704,13,Nov 19 2016,1:00 PM,Sat,Boston College,30,,Connecticut,0,,Alumni Stadium - Chestnut Hill Massachusetts
705,13,Nov 19 2016,2:00 PM,Sat,Brigham Young,51,,Massachusetts,9,,Lavell Edwards Stadium - Provo Utah
706,13,Nov 19 2016,7:00 PM,Sat,(5) Clemson,35,@,Wake Forest,13,,BB&T Field - Winston-Salem North Carolina
707,13,Nov 19 2016,3:30 PM,Sat,(12) Colorado,38,,(20) Washington State,24,,Folsom Field - Boulder Colorado
708,13,Nov 19 2016,10:15 PM,Sat,Colorado State,49,,New Mexico,31,,Sonny Lubick Field at Hughes Stadium - Fort Collins Colorado
709,13,Nov 19 2016,1:00 PM,Sat,(21) Florida,16,@,(16) Louisiana State,10,,Tiger Stadium - Baton Rouge Louisiana
710,13,Nov 19 2016,7:00 PM,Sat,Florida International,31,,Marshall,14,,FIU Stadium - Miami Florida
711,13,Nov 19 2016,3:30 PM,Sat,(17) Florida State,45,@,Syracuse,14,,Carrier Dome - Syracuse New York
712,13,Nov 19 2016,12:00 PM,Sat,Georgia,35,,Louisiana-Lafayette,21,,Sanford Stadium - Athens Georgia
713,13,Nov 19 2016,2:00 PM,Sat,Georgia State,30,,Georgia Southern,24,,Georgia Dome - Atlanta Georgia
714,13,Nov 19 2016,12:30 PM,Sat,Georgia Tech,31,,Virginia,17,,Bobby Dodd Stadium - Atlanta Georgia
715,13,Nov 19 2016,7:00 PM,Sat,Hawaii,14,@,Fresno State,13,,Bulldog Stadium - Fresno California
716,13,Nov 19 2016,12:00 PM,Sat,Iowa,28,@,Illinois,0,,Memorial Stadium - Champaign Illinois
717,13,Nov 19 2016,3:30 PM,Sat,Iowa State,66,,Texas Tech,10,,Jack Trice Stadium - Ames Iowa
718,13,Nov 19 2016,3:30 PM,Sat,Kansas,24,,Texas,21,,Memorial Stadium - Lawrence Kansas
719,13,Nov 19 2016,12:00 PM,Sat,Kansas State,42,@,Baylor,21,,McLane Stadium - Waco Texas
720,13,Nov 19 2016,4:30 PM,Sat,Kentucky,49,,Austin Peay,13,,Commonwealth Stadium - Lexington Kentucky
721,13,Nov 19 2016,12:30 PM,Sat,Miami (FL),27,@,North Carolina State,13,,Carter Finley Stadium - Raleigh North Carolina
722,13,Nov 19 2016,3:30 PM,Sat,(4) Michigan,20,,Indiana,10,,Michigan Stadium - Ann Arbor Michigan
723,13,Nov 19 2016,2:00 PM,Sat,Middle Tennessee State,38,@,Charlotte,31,ESPN3,Jerry Richardson Stadium - Charlotte North Carolina
724,13,Nov 19 2016,3:30 PM,Sat,Minnesota,29,,Northwestern,12,,TCF Bank Stadium - Minneapolis Minnesota
725,13,Nov 19 2016,4:00 PM,Sat,Navy,66,@,East Carolina,31,,Dowdy-Ficklen Stadium - Greenville North Carolina
726,13,Nov 19 2016,12:00 PM,Sat,(19) Nebraska,28,,Maryland,7,,Memorial Stadium - Lincoln Nebraska
727,13,Nov 19 2016,4:00 PM,Sat,Nevada,38,,Utah State,37,,MacKay Stadium - Reno Nevada
728,13,Nov 19 2016,4:00 PM,Sat,New Mexico State,50,,Texas State,10,,Aggie Memorial Stadium - Las Cruces New Mexico
729,13,Nov 19 2016,3:30 PM,Sat,North Carolina,41,,Citadel,7,,Kenan Memorial Stadium - Chapel Hill North Carolina
730,13,Nov 19 2016,5:30 PM,Sat,North Texas,29,,Southern Mississippi,23,,Apogee Stadium - Denton Texas
731,13,Nov 19 2016,12:00 PM,Sat,(2) Ohio State,17,@,Michigan State,16,,Spartan Stadium - East Lansing Michigan
732,13,Nov 19 2016,8:00 PM,Sat,(8) Oklahoma,56,@,(10) West Virginia,28,,Milan Puskar Stadium - Morgantown West Virginia
733,13,Nov 19 2016,12:00 PM,Sat,(13) Oklahoma State,31,@,Texas Christian,6,,Amon G. Carter Stadium - Fort Worth Texas
734,13,Nov 19 2016,6:00 PM,Sat,Old Dominion,42,@,Florida Atlantic,24,,FAU Football Stadium - Boca Raton Florida
735,13,Nov 19 2016,2:00 PM,Sat,Oregon,30,@,(11) Utah,28,,Rice-Eccles Stadium - Salt Lake City Utah
736,13,Nov 19 2016,10:30 PM,Sat,Oregon State,42,,Arizona,17,,Reser Stadium - Corvallis Oregon
737,13,Nov 19 2016,8:00 PM,Sat,(9) Penn State,39,@,Rutgers,0,BTN,High Point Solutions Stadium - Piscataway New Jersey
738,13,Nov 19 2016,3:00 PM,Sat,Pittsburgh,56,,Duke,14,,Heinz Field - Pittsburgh Pennsylvania
739,13,Nov 19 2016,12:00 PM,Sat,Rice,44,,Texas-El Paso,24,ESPN3,Rice Stadium - Houston Texas
740,13,Nov 19 2016,7:00 PM,Sat,South Alabama,31,,Presbyterian,7,,Ladd-Peebles Stadium - Mobile Alabama
741,13,Nov 19 2016,4:00 PM,Sat,South Carolina,44,,Western Carolina,31,,Williams-Brice Stadium - Columbia South Carolina
742,13,Nov 19 2016,7:00 PM,Sat,South Florida,35,@,Southern Methodist,27,,Gerald J. Ford Stadium - Dallas Texas
743,13,Nov 19 2016,10:30 PM,Sat,(15) Southern California,36,@,UCLA,14,,Rose Bowl - Pasadena California
744,13,Nov 19 2016,5:30 PM,Sat,Stanford,45,@,California,31,,Memorial Stadium - Berkeley California
745,13,Nov 19 2016,3:30 PM,Sat,Temple,31,@,Tulane,0,,Yulman Stadium - New Orleans Louisiana
746,13,Nov 19 2016,3:30 PM,Sat,Tennessee,63,,Missouri,37,,Neyland Stadium - Knoxville Tennessee
747,13,Nov 19 2016,12:00 PM,Sat,(23) Texas A&M,23,,Texas-San Antonio,10,,Kyle Field - College Station Texas
748,13,Nov 19 2016,8:00 PM,Sat,Tulsa,35,@,Central Florida,20,,Bright House Networks Stadium - Orlando Florida
749,13,Nov 19 2016,8:00 PM,Sat,Vanderbilt,38,,Mississippi,17,,Vanderbilt Stadium - Nashville Tennessee
750,13,Nov 19 2016,3:30 PM,Sat,Virginia Tech,34,@,Notre Dame,31,NBC,Notre Dame Stadium - South Bend Indiana
751,13,Nov 19 2016,7:30 PM,Sat,(7) Washington,44,,Arizona State,18,,Husky Stadium - Seattle Washington
752,13,Nov 19 2016,3:30 PM,Sat,(14) Western Michigan,38,,Buffalo,0,,Waldo Stadium - Kalamazoo Michigan
753,13,Nov 19 2016,12:00 PM,Sat,(6) Wisconsin,49,@,Purdue,20,,Ross Ade Stadium - West Lafayette Indiana
754,13,Nov 19 2016,3:30 PM,Sat,Wyoming,34,,(24) San Diego State,33,CBSSN,War Memorial Stadium - Laramie Wyoming
755,14,Nov 22 2016,7:00 PM,Tue,Eastern Michigan,26,,Central Michigan,21,ESPNU,Rynearson Stadium - Ypsilanti Michigan
756,14,Nov 22 2016,7:00 PM,Tue,Miami (OH),21,,Ball State,20,ESPNU,Fred Yager Stadium - Oxford Ohio
757,14,Nov 22 2016,7:00 PM,Tue,Ohio,9,,Akron,3,ESPNU,Peden Stadium - Athens Ohio
758,14,Nov 24 2016,7:30 PM,Thu,(25) Louisiana State,54,@,(22) Texas A&M,39,ESPN,Kyle Field - College Station Texas
759,14,Nov 25 2016,3:30 PM,Fri,Air Force,27,,(20) Boise State,20,CBSSN,Falcon Stadium - Colorado Springs Colorado
760,14,Nov 25 2016,9:30 PM,Fri,Arizona,56,,Arizona State,35,ESPN,Arizona Stadium - Tucson Arizona
761,14,Nov 25 2016,2:30 PM,Fri,Bowling Green State,27,,Buffalo,19,,Doyt L. Perry Stadium - Bowling Green Ohio
762,14,Nov 25 2016,3:30 PM,Fri,Iowa,40,,(17) Nebraska,10,,Kinnick Stadium - Iowa City Iowa
763,14,Nov 25 2016,12:00 PM,Fri,Memphis,48,,(18) Houston,44,,Liberty Bowl Memorial Stadium - Memphis Tennessee
764,14,Nov 25 2016,2:30 PM,Fri,Missouri,28,,Arkansas,24,CBS,Faurot Field - Columbia Missouri
765,14,Nov 25 2016,12:00 PM,Fri,North Carolina State,28,@,North Carolina,21,,Kenan Memorial Stadium - Chapel Hill North Carolina
766,14,Nov 25 2016,12:00 PM,Fri,Northern Illinois,31,@,Kent State,21,,Dix Stadium - Kent Ohio
767,14,Nov 25 2016,4:00 PM,Fri,Southern Mississippi,39,,Louisiana Tech,24,,M.M. Roberts Stadium - Hattiesburg Mississippi
768,14,Nov 25 2016,3:30 PM,Fri,Texas Christian,31,@,Texas,9,,Darrell K Royal-Texas Memorial Stadium - Austin Texas
769,14,Nov 25 2016,6:00 PM,Fri,Texas Tech,54,,Baylor,35,ESPN,AT&T Stadium - Arlington Texas
770,14,Nov 25 2016,8:30 PM,Fri,Tulsa,40,,Cincinnati,37,,Skelly Field at H.A. Chapman Stadium - Tulsa Oklahoma
771,14,Nov 25 2016,3:30 PM,Fri,(6) Washington,45,@,(23) Washington State,17,FS1,Martin Stadium - Pullman Washington
772,14,Nov 25 2016,5:00 PM,Fri,(14) Western Michigan,55,,Toledo,35,,Waldo Stadium - Kalamazoo Michigan
773,14,Nov 26 2016,3:30 PM,Sat,(1) Alabama,30,,(16) Auburn,12,,Bryant-Denny Stadium - Tuscaloosa Alabama
774,14,Nov 26 2016,4:00 PM,Sat,Appalachian State,37,@,New Mexico State,7,,Aggie Memorial Stadium - Las Cruces New Mexico
775,14,Nov 26 2016,3:00 PM,Sat,Boston College,17,@,Wake Forest,14,,BB&T Field - Winston-Salem North Carolina
776,14,Nov 26 2016,10:15 PM,Sat,Brigham Young,28,,Utah State,10,,Lavell Edwards Stadium - Provo Utah
777,14,Nov 26 2016,7:00 PM,Sat,California,36,,UCLA,10,,Memorial Stadium - Berkeley California
778,14,Nov 26 2016,7:30 PM,Sat,(4) Clemson,56,,South Carolina,7,,Clemson Memorial Stadium - Clemson South Carolina
779,14,Nov 26 2016,7:30 PM,Sat,(9) Colorado,27,,(21) Utah,22,,Folsom Field - Boulder Colorado
780,14,Nov 26 2016,9:00 PM,Sat,Colorado State,63,@,San Diego State,31,CBSSN,Qualcomm Stadium - San Diego California
781,14,Nov 26 2016,8:00 PM,Sat,(15) Florida State,31,,(13) Florida,13,,Doak Campbell Stadium - Tallahassee Florida
782,14,Nov 26 2016,12:00 PM,Sat,Georgia Tech,28,@,Georgia,27,,Sanford Stadium - Athens Georgia
783,14,Nov 26 2016,11:00 PM,Sat,Hawaii,46,,Massachusetts,40,,Hawaiian Tel Federal Credit Union Field at Aloha Stadium - Honolulu Hawaii
784,14,Nov 26 2016,3:30 PM,Sat,Idaho,38,,South Alabama,31,,Kibbie Dome - Moscow Idaho
785,14,Nov 26 2016,12:00 PM,Sat,Indiana,26,,Purdue,24,,Memorial Stadium - Bloomington Indiana
786,14,Nov 26 2016,12:00 PM,Sat,Kansas State,34,,Kansas,19,,Bill Snyder Family Football Stadium - Manhattan Kansas
787,14,Nov 26 2016,12:00 PM,Sat,Kentucky,41,@,(11) Louisville,38,,Papa John's Cardinal Stadium - Louisville Kentucky
788,14,Nov 26 2016,12:00 PM,Sat,Louisiana-Lafayette,24,,Arkansas State,19,,Cajun Field - Lafayette Louisiana
789,14,Nov 26 2016,12:00 PM,Sat,Maryland,31,,Rutgers,13,,Maryland Stadium - College Park Maryland
790,14,Nov 26 2016,3:30 PM,Sat,Miami (FL),40,,Duke,21,,Hard Rock Stadium - Miami Gardens Florida
791,14,Nov 26 2016,5:30 PM,Sat,Middle Tennessee State,77,,Florida Atlantic,56,,"Johnny ""Red"" Floyd Stadium - Murfreesboro Tennessee"
792,14,Nov 26 2016,3:30 PM,Sat,Mississippi State,55,@,Mississippi,20,,Vaught-Hemingway Stadium - Oxford Mississippi
793,14,Nov 26 2016,3:30 PM,Sat,Navy,75,@,Southern Methodist,31,,Gerald J. Ford Stadium - Dallas Texas
794,14,Nov 26 2016,4:00 PM,Sat,Nevada,45,@,Nevada-Las Vegas,10,,Sam Boyd Stadium - Las Vegas Nevada
795,14,Nov 26 2016,10:15 PM,Sat,New Mexico,56,,Wyoming,35,,University Stadium - Albuquerque New Mexico
796,14,Nov 26 2016,12:00 PM,Sat,Northwestern,42,,Illinois,21,,Ryan Field - Evanston Illinois
797,14,Nov 26 2016,12:00 PM,Sat,(2) Ohio State,30,,(3) Michigan,27,,Ohio Stadium - Columbus Ohio
798,14,Nov 26 2016,3:30 PM,Sat,Old Dominion,42,,Florida International,28,,S.B. Ballard Stadium - Norfolk Virginia
799,14,Nov 26 2016,4:00 PM,Sat,Oregon State,34,,Oregon,24,,Reser Stadium - Corvallis Oregon
800,14,Nov 26 2016,3:30 PM,Sat,(8) Penn State,45,,Michigan State,12,,Beaver Stadium - University Park Pennsylvania
801,14,Nov 26 2016,12:30 PM,Sat,Pittsburgh,76,,Syracuse,61,,Heinz Field - Pittsburgh Pennsylvania
802,14,Nov 26 2016,3:30 PM,Sat,San Jose State,16,@,Fresno State,14,CBSSN,Bulldog Stadium - Fresno California
803,14,Nov 26 2016,12:00 PM,Sat,South Florida,48,,Central Florida,31,,Raymond James Stadium - Tampa Florida
804,14,Nov 26 2016,3:30 PM,Sat,(12) Southern California,45,,Notre Dame,27,,Los Angeles Memorial Coliseum - Los Angeles California
805,14,Nov 26 2016,8:00 PM,Sat,Stanford,41,,Rice,17,,Stanford Stadium - Stanford California
806,14,Nov 26 2016,7:30 PM,Sat,Temple,37,,East Carolina,10,,Lincoln Financial Field - Philadelphia Pennsylvania
807,14,Nov 26 2016,4:00 PM,Sat,Texas-El Paso,52,,North Texas,24,,Sun Bowl Stadium - El Paso Texas
808,14,Nov 26 2016,7:00 PM,Sat,Texas-San Antonio,33,,Charlotte,14,,Alamodome - San Antonio Texas
809,14,Nov 26 2016,4:00 PM,Sat,Troy,40,@,Texas State,7,,Bobcat Stadium - San Marcos Texas
810,14,Nov 26 2016,4:00 PM,Sat,Tulane,38,@,Connecticut,13,,Rentschler Field - East Hartford Connecticut
811,14,Nov 26 2016,7:30 PM,Sat,Vanderbilt,45,,(24) Tennessee,34,,Vanderbilt Stadium - Nashville Tennessee
812,14,Nov 26 2016,12:00 PM,Sat,Virginia Tech,52,,Virginia,10,,Lane Stadium - Blacksburg Virginia
813,14,Nov 26 2016,3:30 PM,Sat,(19) West Virginia,49,@,Iowa State,19,,Jack Trice Stadium - Ames Iowa
814,14,Nov 26 2016,7:00 PM,Sat,Western Kentucky,60,@,Marshall,6,,Joan C. Edwards Stadium - Huntington West Virginia
815,14,Nov 26 2016,3:30 PM,Sat,(5) Wisconsin,31,,Minnesota,17,,Camp Randall Stadium - Madison Wisconsin
816,15,Dec 2 2016,9:00 PM,Fri,(4) Washington,41,,(9) Colorado,10,,Levi's Stadium - Santa Clara California
817,15,Dec 2 2016,7:00 PM,Fri,(13) Western Michigan,29,,Ohio,23,,Ford Field - Detroit Michigan
818,15,Dec 3 2016,4:00 PM,Sat,(1) Alabama,54,,(15) Florida,16,,Georgia Dome - Atlanta Georgia
819,15,Dec 3 2016,7:30 PM,Sat,Arkansas State,36,@,Texas State,14,,Bobcat Stadium - San Marcos Texas
820,15,Dec 3 2016,8:00 PM,Sat,(3) Clemson,42,,(19) Virginia Tech,35,,Camping World Stadium - Orlando Florida
821,15,Dec 3 2016,12:00 PM,Sat,Georgia Southern,28,,Troy,24,,Allen E. Paulson Stadium - Statesboro Georgia
822,15,Dec 3 2016,5:00 PM,Sat,Idaho,37,,Georgia State,12,,Kibbie Dome - Moscow Idaho
823,15,Dec 3 2016,12:00 PM,Sat,Kansas State,30,@,Texas Christian,6,,Amon G. Carter Stadium - Fort Worth Texas
824,15,Dec 3 2016,3:00 PM,Sat,Louisiana-Lafayette,30,@,Louisiana-Monroe,3,,Malone Stadium - Monroe Louisiana
825,15,Dec 3 2016,12:30 PM,Sat,(7) Oklahoma,38,,(11) Oklahoma State,20,,Gaylord Family - Oklahoma Memorial Stadium - Norman Oklahoma
826,15,Dec 3 2016,8:00 PM,Sat,(8) Penn State,38,,(6) Wisconsin,31,,Lucas Oil Stadium - Indianapolis Indiana
827,15,Dec 3 2016,7:45 PM,Sat,San Diego State,27,@,Wyoming,24,,War Memorial Stadium - Laramie Wyoming
828,15,Dec 3 2016,1:00 PM,Sat,South Alabama,35,,New Mexico State,28,,Ladd-Peebles Stadium - Mobile Alabama
829,15,Dec 3 2016,12:00 PM,Sat,Temple,34,@,(20) Navy,10,,Navy Marine Corps Memorial Stadium - Annapolis Maryland
830,15,Dec 3 2016,3:30 PM,Sat,(14) West Virginia,24,,Baylor,21,,Milan Puskar Stadium - Morgantown West Virginia
831,15,Dec 3 2016,12:00 PM,Sat,Western Kentucky,58,,Louisiana Tech,44,,Houchens Industries-L.T. Smith Stadium - Bowling Green Kentucky
832,16,Dec 10 2016,3:00 PM,Sat,Army,21,,Navy,17,CBS,M&T Bank Stadium - Baltimore Maryland
833,17,Dec 17 2016,5:30 PM,Sat,Appalachian State,31,,Toledo,28,,Cramton Bowl - Montgomery Alabama
834,17,Dec 17 2016,5:30 PM,Sat,Arkansas State,31,,Central Florida,13,,Camping World Stadium - Orlando Florida
835,17,Dec 17 2016,2:00 PM,Sat,New Mexico,23,,Texas-San Antonio,20,,University Stadium - Albuquerque New Mexico
836,17,Dec 17 2016,3:30 PM,Sat,San Diego State,34,,Houston,10,,Sam Boyd Stadium - Las Vegas Nevada
837,17,Dec 17 2016,9:00 PM,Sat,Southern Mississippi,28,,Louisiana-Lafayette,21,,Mercedes-Benz Superdome - New Orleans Louisiana
838,17,Dec 19 2016,2:30 PM,Mon,Tulsa,55,,Central Michigan,10,,Marlins Park - Miami Florida
839,18,Dec 20 2016,7:00 PM,Tue,Western Kentucky,51,,Memphis,31,,FAU Football Stadium - Boca Raton Florida
840,18,Dec 21 2016,9:00 PM,Wed,Brigham Young,24,,Wyoming,21,,Qualcomm Stadium - San Diego California
841,18,Dec 22 2016,7:00 PM,Thu,Idaho,61,,Colorado State,50,,Albertsons Stadium - Boise Idaho
842,18,Dec 23 2016,4:30 PM,Fri,Louisiana Tech,48,,Navy,45,,Amon G. Carter Stadium - Fort Worth Texas
843,18,Dec 23 2016,1:00 PM,Fri,Old Dominion,24,,Eastern Michigan,20,,Thomas A. Robinson Stadium - Nassau Bahamas
844,18,Dec 23 2016,8:00 PM,Fri,Troy,28,,Ohio,23,,Ladd-Peebles Stadium - Mobile Alabama
845,18,Dec 24 2016,8:00 PM,Sat,Hawaii,52,,Middle Tennessee State,35,,Hawaiian Tel Federal Credit Union Field at Aloha Stadium - Honolulu Hawaii
846,18,Dec 26 2016,2:30 PM,Mon,Boston College,36,,Maryland,30,,Ford Field - Detroit Michigan
847,18,Dec 26 2016,11:00 AM,Mon,Mississippi State,17,,Miami (OH),16,,Tropicana Field - St. Petersburg Florida
848,18,Dec 26 2016,5:00 PM,Mon,North Carolina State,41,,Vanderbilt,17,,Independence Stadium - Shreveport Louisiana
849,19,Dec 27 2016,12:00 PM,Tue,Army,38,,North Texas,31,,Cotton Bowl Stadium - Dallas Texas
850,19,Dec 27 2016,10:15 PM,Tue,Baylor,31,,Boise State,12,,Chase Field - Phoenix Arizona
851,19,Dec 27 2016,7:00 PM,Tue,Minnesota,17,,Washington State,12,,Qualcomm Stadium - San Diego California
852,19,Dec 27 2016,3:30 PM,Tue,Wake Forest,34,,(23) Temple,26,,Navy Marine Corps Memorial Stadium - Annapolis Maryland
853,19,Dec 28 2016,9:00 PM,Wed,Kansas State,33,,Texas A&M,28,,NRG Stadium - Houston Texas
854,19,Dec 28 2016,5:30 PM,Wed,Miami (FL),31,,(14) West Virginia,14,,Camping World Stadium - Orlando Florida
855,19,Dec 28 2016,2:00 PM,Wed,Northwestern,31,,(22) Pittsburgh,24,,Yankee Stadium - Bronx New York
856,19,Dec 28 2016,8:30 PM,Wed,Utah,26,,Indiana,24,,Levi's Stadium - Santa Clara California
857,19,Dec 29 2016,9:00 PM,Thu,(13) Oklahoma State,38,,(11) Colorado,8,,Alamodome - San Antonio Texas
858,19,Dec 29 2016,2:00 PM,Thu,(25) South Florida,46,,South Carolina,39,,Legion Field - Birmingham Alabama
859,19,Dec 29 2016,5:30 PM,Thu,(18) Virginia Tech,35,,Arkansas,24,,Bank of America Stadium - Charlotte North Carolina
860,19,Dec 30 2016,5:30 PM,Fri,Air Force,45,,South Alabama,21,,Arizona Stadium - Tucson Arizona
861,19,Dec 30 2016,8:00 PM,Fri,(10) Florida State,33,,(6) Michigan,32,,Hard Rock Stadium - Miami Gardens Florida
862,19,Dec 30 2016,12:00 PM,Fri,Georgia,31,,Texas Christian,23,,Liberty Bowl Memorial Stadium - Memphis Tennessee
863,19,Dec 30 2016,2:00 PM,Fri,(16) Stanford,25,,North Carolina,23,,Sun Bowl Stadium - El Paso Texas
864,19,Dec 30 2016,3:30 PM,Fri,Tennessee,38,,(24) Nebraska,24,,Nissan Stadium - Nashville Tennessee
865,19,Dec 31 2016,3:00 PM,Sat,(1) Alabama,24,,(4) Washington,7,,Georgia Dome - Atlanta Georgia
866,19,Dec 31 2016,7:00 PM,Sat,(3) Clemson,31,,(2) Ohio State,0,,University of Phoenix Stadium - Glendale Arizona
867,19,Dec 31 2016,11:00 AM,Sat,Georgia Tech,33,,Kentucky,18,,EverBank Field - Jacksonville Florida
868,19,Dec 31 2016,11:00 AM,Sat,(19) Louisiana State,29,,(15) Louisville,9,,Camping World Stadium - Orlando Florida
869,20,Jan 2 2017,1:00 PM,Mon,(20) Florida,30,,(21) Iowa,3,,Raymond James Stadium - Tampa Florida
870,20,Jan 2 2017,8:50 PM,Mon,(7) Oklahoma,35,,(17) Auburn,19,,Mercedes-Benz Superdome - New Orleans Louisiana
871,20,Jan 2 2017,5:00 PM,Mon,(9) Southern California,52,,(5) Penn State,49,,Rose Bowl - Pasadena California
872,20,Jan 2 2017,1:00 PM,Mon,(8) Wisconsin,24,,(12) Western Michigan,16,,AT&T Stadium - Arlington Texas
873,21,Jan 9 2017,8:00 PM,Mon,(3) Clemson,35,,(1) Alabama,31,ESPN,Raymond James Stadium - Tampa Florida
